BEB,HG03006,X,2460,2245,12986,11802,11852,29377
BEB,HG03007,X,2576,2223,12937,11851,11941,29261
BEB,HG03009,X,2679,2159,13075,11713,11700,29158
BEB,HG03012,X,2572,2253,12811,11977,12335,29265
BEB,HG03585,X,2388,2134,13339,11449,11759,29449
BEB,HG03589,X,2467,2241,12906,11882,12214,29370
BEB,HG03593,X,2473,2148,13189,11599,11715,29364
BEB,HG03594,X,2590,2238,12817,11971,12206,29247
BEB,HG03595,X,2449,2167,13241,11547,11818,29388
BEB,HG03598,X,2550,2183,12981,11807,11897,29287
BEB,HG03600,X,2435,2190,13093,11695,11927,29402
BEB,HG03603,X,2454,2165,13116,11672,11930,29383
BEB,HG03604,X,2467,2118,13023,11765,11968,29370
BEB,HG03607,X,2620,2232,12793,11995,12098,29217
BEB,HG03611,X,2570,2276,12896,11892,12342,29267
BEB,HG03615,X,2511,2173,12995,11793,12055,29326
BEB,HG03616,X,2373,2173,13131,11657,11819,29464
BEB,HG03793,X,2616,2245,12797,11991,12062,29221
BEB,HG03796,X,2668,2196,12764,12024,12202,29169
BEB,HG03800,X,2551,2207,12997,11791,12112,29286
BEB,HG03802,X,2461,2195,13181,11607,11830,29376
BEB,HG03803,X,2456,2186,13005,11783,12178,29381
BEB,HG03805,X,2536,2206,12918,11870,11860,29301
BEB,HG03808,X,2567,2301,12780,12008,12136,29270
BEB,HG03809,X,2421,2020,13326,11462,11725,29416
BEB,HG03812,X,2551,2253,12857,11931,12180,29286
BEB,HG03814,X,2473,2210,13007,11781,12252,29364
BEB,HG03815,X,2448,2145,13081,11707,11990,29389
BEB,HG03817,X,2432,2077,13099,11689,11700,29405
BEB,HG03821,X,2460,2257,12912,11876,12209,29377
BEB,HG03823,X,2388,2151,13260,11528,11633,29449
BEB,HG03824,X,2432,2220,13103,11685,12075,29405
BEB,HG03826,X,2531,2338,12725,12063,12297,29306
BEB,HG03829,X,2390,2187,13291,11497,11891,29447
BEB,HG03830,X,2615,2171,12931,11857,11938,29222
BEB,HG03832,X,2467,2227,13004,11784,12131,29370
BEB,HG03833,X,2433,2240,12962,11826,11922,29404
BEB,HG03902,X,2467,2204,12939,11849,12063,29370
BEB,HG03905,X,2346,2312,13160,11628,11931,29491
BEB,HG03907,X,2456,2266,13008,11780,12067,29381
BEB,HG03908,X,2393,2284,13175,11613,11909,29444
BEB,HG03910,X,2608,2105,12796,11992,11876,29229
BEB,HG03911,X,2429,2192,13127,11661,11618,29408
BEB,HG03913,X,2534,2300,12917,11871,11955,29303
BEB,HG03914,X,2347,2251,13252,11536,12072,29490
BEB,HG03916,X,2472,2231,13061,11727,12053,29365
BEB,HG03917,X,2451,2157,13004,11784,11872,29386
BEB,HG03919,X,2499,2216,13082,11706,12185,29338
BEB,HG03920,X,2578,2155,13062,11726,11921,29259
BEB,HG03922,X,2513,2211,13083,11705,11970,29324
BEB,HG03925,X,2360,2170,13303,11485,11898,29477
BEB,HG03926,X,2502,2235,13025,11763,11915,29335
BEB,HG03928,X,2398,2145,13002,11786,12054,29439
BEB,HG03931,X,2430,2113,13200,11588,11749,29407
BEB,HG03934,X,2430,2296,12939,11849,12359,29407
BEB,HG03937,X,2421,2240,13077,11711,12071,29416
BEB,HG03940,X,2636,2133,12981,11807,11813,29201
BEB,HG03941,X,2405,2201,13164,11624,12067,29432
BEB,HG04131,X,2562,2244,12907,11881,12123,29275
BEB,HG04134,X,2386,2203,13083,11705,11840,29451
BEB,HG04140,X,2365,2178,13201,11587,11913,29472
BEB,HG04141,X,2439,2245,13045,11743,12168,29398
BEB,HG04144,X,2505,2275,12826,11962,12239,29332
BEB,HG04146,X,2470,2081,13016,11772,11858,29367
BEB,HG04152,X,2431,2250,13218,11570,11948,29406
BEB,HG04153,X,2512,2153,12813,11975,12112,29325
BEB,HG04155,X,2529,2283,12831,11957,12354,29308
BEB,HG04156,X,2485,2230,13097,11691,12065,29352
BEB,HG04158,X,2482,2134,13202,11586,11658,29355
BEB,HG04159,X,2408,2164,13142,11646,11986,29429
BEB,HG04161,X,2276,2152,13210,11578,11924,29561
BEB,HG04162,X,2598,2249,12789,11999,12214,29239
BEB,HG04164,X,2412,2273,13046,11742,12086,29425
BEB,HG04171,X,2444,2269,13076,11712,12157,29393
BEB,HG04173,X,2426,2181,13085,11703,11880,29411
BEB,HG04176,X,2427,2180,12823,11965,12186,29410
BEB,HG04177,X,2567,2225,12906,11882,12284,29270
BEB,HG04180,X,2411,2199,13079,11709,12077,29426
BEB,HG04182,X,2650,2232,12789,11999,12085,29187
BEB,HG04183,X,2479,2189,13075,11713,11937,29358
BEB,HG04185,X,2459,2204,12893,11895,12134,29378
BEB,HG04186,X,2508,2278,12868,11920,12272,29329
BEB,HG04188,X,2441,2203,13095,11693,12118,29396
BEB,HG04189,X,2526,2145,12966,11822,11832,29311
BEB,HG04194,X,2469,2232,13076,11712,11954,29368
BEB,HG04195,X,2560,2164,12770,12018,12156,29277
STU,HG03642,X,2591,2262,12716,12072,12238,29246
STU,HG03643,X,2481,2245,12946,11842,12334,29356
STU,HG03644,X,2448,2211,12949,11839,12171,29389
STU,HG03645,X,2502,2288,12748,12040,12244,29335
STU,HG03646,X,2539,2199,13014,11774,11922,29298
STU,HG03672,X,2531,2223,12792,11996,12086,29306
STU,HG03673,X,2562,2263,12879,11909,12208,29275
STU,HG03679,X,2589,2207,12976,11812,12246,29248
STU,HG03680,X,2474,2249,12975,11813,12240,29363
STU,HG03681,X,2496,2194,13060,11728,11879,29341
STU,HG03684,X,2451,2105,13199,11589,11797,29386
STU,HG03685,X,2447,2170,12808,11980,12165,29390
STU,HG03686,X,2513,2164,12987,11801,12078,29324
STU,HG03687,X,2668,2249,12602,12186,12234,29169
STU,HG03689,X,2527,2248,13034,11754,12030,29310
STU,HG03690,X,2484,2162,13089,11699,11915,29353
STU,HG03691,X,2435,2260,12884,11904,12082,29402
STU,HG03692,X,2541,2332,12668,12120,12620,29296
STU,HG03693,X,2426,2276,12991,11797,12122,29411
STU,HG03694,X,2546,2327,12685,12103,12410,29291
STU,HG03695,X,2516,2237,13044,11744,11994,29321
STU,HG03696,X,2410,2186,13000,11788,12226,29427
STU,HG03697,X,2617,2223,12660,12128,12465,29220
STU,HG03698,X,2542,2189,12848,11940,12126,29295
STU,HG03711,X,2431,2161,12878,11910,12149,29406
STU,HG03733,X,2422,2168,12902,11886,12253,29415
STU,HG03736,X,2475,2139,12970,11818,11988,29362
STU,HG03738,X,2422,2100,13319,11469,11705,29415
STU,HG03740,X,2452,2214,12894,11894,12314,29385
STU,HG03741,X,2523,2189,12909,11879,11978,29314
STU,HG03743,X,2438,2237,12979,11809,12252,29399
STU,HG03744,X,2466,2312,13135,11653,12016,29371
STU,HG03745,X,2483,2193,12937,11851,12117,29354
STU,HG03746,X,2524,2232,12841,11947,12410,29313
STU,HG03750,X,2439,2225,12818,11970,12214,29398
STU,HG03752,X,2470,2156,13053,11735,11793,29367
STU,HG03753,X,2510,2221,12927,11861,12141,29327
STU,HG03754,X,2379,2245,12996,11792,12226,29458
STU,HG03755,X,2451,2218,12920,11868,12237,29386
STU,HG03756,X,2526,2158,12752,12036,12246,29311
STU,HG03757,X,2499,2130,12886,11902,12102,29338
STU,HG03760,X,2578,2231,12914,11874,11988,29259
STU,HG03836,X,2392,2190,13167,11621,11908,29445
STU,HG03837,X,2484,2236,12945,11843,11956,29353
STU,HG03838,X,2412,2145,13303,11485,11720,29425
STU,HG03844,X,2540,2217,12798,11990,12288,29297
STU,HG03846,X,2453,2133,13156,11632,11808,29384
STU,HG03848,X,2530,2253,12932,11856,11970,29307
STU,HG03849,X,2588,2188,12840,11948,12005,29249
STU,HG03850,X,2413,2115,13132,11656,12029,29424
STU,HG03851,X,2480,2197,12956,11832,12085,29357
STU,HG03854,X,2291,2231,13232,11556,11911,29546
STU,HG03856,X,2403,2141,13155,11633,11770,29434
STU,HG03857,X,2576,2171,12761,12027,12365,29261
STU,HG03858,X,2362,2192,13201,11587,12020,29475
STU,HG03884,X,2400,2127,13203,11585,11875,29437
STU,HG03885,X,2574,2174,12876,11912,12244,29263
STU,HG03886,X,2511,2177,12994,11794,12104,29326
STU,HG03887,X,2547,2109,13144,11644,11702,29290
STU,HG03888,X,2305,2216,13104,11684,12120,29532
STU,HG03890,X,2530,2164,12995,11793,12035,29307
STU,HG03894,X,2508,2250,12958,11830,12172,29329
STU,HG03895,X,2420,2172,13077,11711,12033,29417
STU,HG03896,X,2569,2192,12758,12030,12444,29268
STU,HG03897,X,2438,2179,12989,11799,12169,29399
STU,HG03898,X,2425,2172,13218,11570,12106,29412
STU,HG03899,X,2417,2123,13250,11538,11911,29420
STU,HG03900,X,2492,2171,12943,11845,11962,29345
STU,HG03943,X,2566,2196,13154,11634,12024,29271
STU,HG03944,X,2489,2180,12858,11930,12075,29348
STU,HG03945,X,2437,2177,13126,11662,12030,29400
STU,HG03947,X,2511,2143,13127,11661,11848,29326
STU,HG03949,X,2368,2294,13107,11681,12106,29469
STU,HG03950,X,2537,2163,13036,11752,12116,29300
STU,HG03951,X,2523,2194,12920,11868,12235,29314
STU,HG03953,X,2444,2216,12908,11880,12182,29393
STU,HG03955,X,2501,2165,12933,11855,12182,29336
STU,HG03985,X,2415,2132,13273,11515,11950,29422
STU,HG03986,X,2440,2189,13045,11743,12171,29397
STU,HG03989,X,2424,2163,13193,11595,11694,29413
STU,HG03990,X,2428,2159,13122,11666,11807,29409
STU,HG03991,X,2536,2248,12935,11853,12195,29301
STU,HG03995,X,2500,2175,12864,11924,12113,29337
STU,HG03998,X,2563,2258,12869,11919,12144,29274
STU,HG03999,X,2364,2221,13274,11514,11898,29473
STU,HG04003,X,2558,2309,12742,12046,12418,29279
STU,HG04006,X,2504,2224,12904,11884,12069,29333
STU,HG04029,X,2335,2222,13222,11566,11839,29502
STU,HG04033,X,2535,2300,12878,11910,12458,29302
STU,HG04035,X,2514,2265,12835,11953,12131,29323
STU,HG04038,X,2507,2171,12844,11944,12041,29330
STU,HG04039,X,2555,2185,12821,11967,12085,29282
STU,HG04042,X,2476,2267,12852,11936,12136,29361
STU,HG04047,X,2448,2224,13014,11774,12102,29389
STU,HG04075,X,2451,2178,12978,11810,12210,29386
STU,HG04099,X,2491,2365,12799,11989,12365,29346
STU,HG04100,X,2472,2191,13080,11708,11887,29365
STU,HG04106,X,2471,2119,13341,11447,11810,29366
STU,HG04107,X,2480,2251,12936,11852,12228,29357
STU,HG04210,X,2542,2350,12835,11953,12205,29295
STU,HG04227,X,2463,2136,12871,11917,12114,29374
STU,HG04229,X,2527,2107,13000,11788,11935,29310
ITU,HG03713,X,2354,2140,13046,11742,12159,29483
ITU,HG03714,X,2434,2198,13021,11767,11974,29403
ITU,HG03716,X,2504,2188,13128,11660,11918,29333
ITU,HG03717,X,2403,2309,12961,11827,12161,29434
ITU,HG03718,X,2392,2190,13187,11601,11956,29445
ITU,HG03720,X,2401,2151,12957,11831,12051,29436
ITU,HG03722,X,2520,2244,12880,11908,12062,29317
ITU,HG03727,X,2542,2181,12930,11858,12290,29295
ITU,HG03729,X,2451,2116,13337,11451,11798,29386
ITU,HG03730,X,2510,2285,12902,11886,12223,29327
ITU,HG03731,X,2409,2116,13270,11518,11820,29428
ITU,HG03742,X,2587,2255,12673,12115,12334,29250
ITU,HG03770,X,2525,2275,12844,11944,12198,29312
ITU,HG03771,X,2423,2174,13054,11734,12181,29414
ITU,HG03772,X,2478,2200,13133,11655,11965,29359
ITU,HG03773,X,2437,2218,13133,11655,12149,29400
ITU,HG03774,X,2491,2231,12903,11885,12203,29346
ITU,HG03775,X,2451,2152,12949,11839,12313,29386
ITU,HG03777,X,2456,2197,13099,11689,11947,29381
ITU,HG03778,X,2404,2199,13010,11778,12036,29433
ITU,HG03779,X,2387,2206,13136,11652,12042,29450
ITU,HG03780,X,2431,2229,12902,11886,12073,29406
ITU,HG03781,X,2281,2200,13346,11442,11697,29556
ITU,HG03782,X,2514,2186,13037,11751,11929,29323
ITU,HG03784,X,2662,2350,12791,11997,12515,29175
ITU,HG03785,X,2539,2268,12992,11796,11991,29298
ITU,HG03786,X,2459,2293,13003,11785,12153,29378
ITU,HG03787,X,2435,2082,13158,11630,11841,29402
ITU,HG03788,X,2476,2227,12910,11878,12172,29361
ITU,HG03789,X,2507,2281,12970,11818,12154,29330
ITU,HG03790,X,2462,2193,12888,11900,12129,29375
ITU,HG03792,X,2428,2193,12974,11814,12055,29409
ITU,HG03861,X,2505,2166,12942,11846,12207,29332
ITU,HG03862,X,2512,2209,12890,11898,12242,29325
ITU,HG03863,X,2577,2185,12838,11950,12188,29260
ITU,HG03864,X,2362,2188,13089,11699,11993,29475
ITU,HG03866,X,2430,2181,12965,11823,12096,29407
ITU,HG03867,X,2553,2160,12947,11841,12137,29284
ITU,HG03868,X,2491,2262,12832,11956,12332,29346
ITU,HG03869,X,2400,2314,12883,11905,12454,29437
ITU,HG03870,X,2507,2209,12997,11791,12111,29330
ITU,HG03871,X,2410,2210,12901,11887,12270,29427
ITU,HG03872,X,2477,2161,13173,11615,11816,29360
ITU,HG03873,X,2581,2225,12651,12137,12032,29256
ITU,HG03874,X,2536,2175,12952,11836,12272,29301
ITU,HG03875,X,2465,2307,12826,11962,12306,29372
ITU,HG03882,X,2521,2140,12941,11847,12097,29316
ITU,HG03960,X,2529,2252,12688,12100,12380,29308
ITU,HG03963,X,2457,2157,12931,11857,12077,29380
ITU,HG03965,X,2544,2268,12886,11902,12268,29293
ITU,HG03967,X,2501,2261,12795,11993,12269,29336
ITU,HG03968,X,2595,2218,12691,12097,12345,29242
ITU,HG03969,X,2502,2264,12851,11937,12140,29335
ITU,HG03971,X,2412,2211,12985,11803,11993,29425
ITU,HG03973,X,2481,2204,12864,11924,12248,29356
ITU,HG03974,X,2464,2293,12796,11992,12202,29373
ITU,HG03976,X,2513,2144,13021,11767,11935,29324
ITU,HG03977,X,2541,2192,13079,11709,11826,29296
ITU,HG03978,X,2481,2341,12828,11960,12240,29356
ITU,HG04001,X,2673,2176,12605,12183,12116,29164
ITU,HG04002,X,2418,2249,13135,11653,12086,29419
ITU,HG04014,X,2414,2175,13250,11538,11808,29423
ITU,HG04015,X,2547,2187,12902,11886,12170,29290
ITU,HG04017,X,2407,2217,12999,11789,12066,29430
ITU,HG04018,X,2671,2161,12892,11896,11989,29166
ITU,HG04019,X,2472,2202,12844,11944,12265,29365
ITU,HG04020,X,2416,2161,13233,11555,11991,29421
ITU,HG04022,X,2480,2182,12974,11814,12101,29357
ITU,HG04023,X,2437,2264,13005,11783,12146,29400
ITU,HG04025,X,2369,2299,13046,11742,12240,29468
ITU,HG04026,X,2502,2186,12924,11864,11999,29335
ITU,HG04054,X,2453,2252,12862,11926,12221,29384
ITU,HG04056,X,2449,2071,13229,11559,11690,29388
ITU,HG04059,X,2457,2182,12942,11846,11989,29380
ITU,HG04060,X,2551,2193,12792,11996,12237,29286
ITU,HG04061,X,2508,2289,12893,11895,12172,29329
ITU,HG04062,X,2554,2156,12961,11827,11748,29283
ITU,HG04063,X,2379,2150,13263,11525,11879,29458
ITU,HG04070,X,2443,2275,12884,11904,12302,29394
ITU,HG04076,X,2507,2197,12900,11888,12152,29330
ITU,HG04080,X,2423,2216,13025,11763,12063,29414
ITU,HG04090,X,2588,2143,12830,11958,11822,29249
ITU,HG04093,X,2404,2119,13092,11696,11753,29433
ITU,HG04094,X,2552,2169,13021,11767,11840,29285
ITU,HG04096,X,2368,2260,13009,11779,12134,29469
ITU,HG04098,X,2522,2335,12826,11962,12276,29315
ITU,HG04118,X,2502,2284,12863,11925,12145,29335
ITU,HG04198,X,2534,2181,12954,11834,12104,29303
ITU,HG04200,X,2544,2205,12719,12069,12233,29293
ITU,HG04202,X,2445,2170,13043,11745,12041,29392
ITU,HG04206,X,2576,2146,12940,11848,12027,29261
ITU,HG04209,X,2488,2178,12863,11925,12239,29349
ITU,HG04211,X,2591,2243,12734,12054,12301,29246
ITU,HG04212,X,2399,2233,13176,11612,11733,29438
ITU,HG04214,X,2554,2160,12894,11894,12096,29283
ITU,HG04216,X,2569,2186,12929,11859,12071,29268
ITU,HG04219,X,2370,2289,12961,11827,12252,29467
ITU,HG04222,X,2521,2239,13034,11754,12045,29316
ITU,HG04225,X,2530,2282,12863,11925,12283,29307
ITU,HG04235,X,2325,2208,13207,11581,11987,29512
ITU,HG04238,X,2333,2169,13266,11522,11936,29504
ITU,HG04239,X,2542,2214,12777,12011,12422,29295
PJL,HG01583,X,2408,2236,12836,11952,12101,29429
PJL,HG01586,X,2480,2218,12973,11815,11942,29357
PJL,HG01589,X,2388,2157,13208,11580,11843,29449
PJL,HG01593,X,2426,2269,13149,11639,12004,29411
PJL,HG02490,X,2543,2265,12942,11846,12228,29294
PJL,HG02491,X,2522,2259,12951,11837,12048,29315
PJL,HG02493,X,2485,2231,12971,11817,12073,29352
PJL,HG02494,X,2468,2191,13129,11659,12029,29369
PJL,HG02597,X,2250,2195,13421,11367,11814,29587
PJL,HG02600,X,2394,2199,13009,11779,11961,29443
PJL,HG02601,X,2584,2162,12776,12012,12182,29253
PJL,HG02603,X,2493,2183,12746,12042,12295,29344
PJL,HG02604,X,2576,2210,12918,11870,12090,29261
PJL,HG02648,X,2534,2207,12779,12009,12399,29303
PJL,HG02649,X,2400,2086,13215,11573,11946,29437
PJL,HG02651,X,2589,2199,12726,12062,12315,29248
PJL,HG02652,X,2339,2216,13152,11636,12021,29498
PJL,HG02654,X,2533,2206,12857,11931,11954,29304
PJL,HG02655,X,2389,2179,13280,11508,11786,29448
PJL,HG02657,X,2422,2160,13291,11497,11829,29415
PJL,HG02658,X,2487,2166,13061,11727,11761,29350
PJL,HG02660,X,2470,2448,12779,12009,12529,29367
PJL,HG02661,X,2507,2235,12942,11846,12178,29330
PJL,HG02681,X,2384,2279,13241,11547,11946,29453
PJL,HG02682,X,2565,2223,12993,11795,11980,29272
PJL,HG02684,X,2478,2219,13023,11765,12241,29359
PJL,HG02685,X,2504,2237,12801,11987,12253,29333
PJL,HG02687,X,2617,2278,12867,11921,12062,29220
PJL,HG02688,X,2457,2266,13149,11639,12091,29380
PJL,HG02690,X,2475,2308,12824,11964,12324,29362
PJL,HG02691,X,2362,2147,13094,11694,11974,29475
PJL,HG02694,X,2484,2207,13060,11728,11974,29353
PJL,HG02696,X,2409,2153,13407,11381,11776,29428
PJL,HG02697,X,2372,2197,12982,11806,12182,29465
PJL,HG02699,X,2530,2246,12812,11976,12380,29307
PJL,HG02700,X,2378,2230,13094,11694,12116,29459
PJL,HG02724,X,2452,2173,12969,11819,12113,29385
PJL,HG02725,X,2604,2223,12723,12065,12152,29233
PJL,HG02727,X,2652,2261,12738,12050,12333,29185
PJL,HG02728,X,2453,2222,12898,11890,12262,29384
PJL,HG02731,X,2658,2290,12603,12185,12356,29179
PJL,HG02733,X,2511,2309,12782,12006,12258,29326
PJL,HG02734,X,2340,2248,13203,11585,11923,29497
PJL,HG02736,X,2403,2210,12995,11793,11952,29434
PJL,HG02737,X,2414,2205,13022,11766,12064,29423
PJL,HG02774,X,2542,2210,12861,11927,12232,29295
PJL,HG02775,X,2530,2227,13054,11734,11946,29307
PJL,HG02778,X,2400,2259,13185,11603,11858,29437
PJL,HG02780,X,2457,2239,12861,11927,12203,29380
PJL,HG02783,X,2529,2225,12974,11814,11989,29308
PJL,HG02784,X,2538,2109,12922,11866,12073,29299
PJL,HG02786,X,2415,2031,13205,11583,11593,29422
PJL,HG02787,X,2430,2220,13222,11566,12027,29407
PJL,HG02789,X,2598,2252,12906,11882,12142,29239
PJL,HG02790,X,2490,2220,12948,11840,12233,29347
PJL,HG02792,X,2478,2221,13086,11702,12041,29359
PJL,HG02793,X,2464,2159,13097,11691,11922,29373
PJL,HG03015,X,2581,2124,12893,11895,11682,29256
PJL,HG03016,X,2517,2199,13045,11743,12029,29320
PJL,HG03018,X,2494,2118,13035,11753,11714,29343
PJL,HG03019,X,2346,2241,13021,11767,12210,29491
PJL,HG03021,X,2549,2216,12874,11914,12079,29288
PJL,HG03022,X,2488,2227,12674,12114,12199,29349
PJL,HG03228,X,2539,2273,12831,11957,12277,29298
PJL,HG03229,X,2451,2257,13102,11686,12087,29386
PJL,HG03234,X,2564,2219,12821,11967,12347,29273
PJL,HG03235,X,2563,2230,12764,12024,12238,29274
PJL,HG03237,X,2416,2226,13186,11602,11871,29421
PJL,HG03238,X,2473,2150,12902,11886,12068,29364
PJL,HG03488,X,2471,2133,13051,11737,11724,29366
PJL,HG03490,X,2388,2170,13070,11718,12014,29449
PJL,HG03491,X,2552,2064,13115,11673,11957,29285
PJL,HG03619,X,2471,2267,12997,11791,12231,29366
PJL,HG03624,X,2508,2243,12925,11863,12290,29329
PJL,HG03625,X,2419,2156,13127,11661,12110,29418
PJL,HG03629,X,2441,2088,13286,11502,11729,29396
PJL,HG03631,X,2574,2180,12914,11874,12203,29263
PJL,HG03634,X,2452,2300,12977,11811,12111,29385
PJL,HG03636,X,2382,2164,13231,11557,11695,29455
PJL,HG03640,X,2430,2285,13077,11711,12017,29407
PJL,HG03649,X,2599,2193,12793,11995,12180,29238
PJL,HG03652,X,2414,2199,13231,11557,11789,29423
PJL,HG03653,X,2411,2216,13080,11708,12036,29426
PJL,HG03660,X,2568,2226,12915,11873,11978,29269
PJL,HG03663,X,2386,2210,13107,11681,11960,29451
PJL,HG03667,X,2547,2231,12872,11916,12165,29290
PJL,HG03668,X,2404,2209,13165,11623,11958,29433
PJL,HG03702,X,2472,2203,13102,11686,11936,29365
PJL,HG03703,X,2579,2167,12801,11987,11952,29258
PJL,HG03705,X,2496,2223,13135,11653,11825,29341
PJL,HG03706,X,2421,2127,13293,11495,11724,29416
PJL,HG03708,X,2400,2160,13133,11655,12173,29437
PJL,HG03709,X,2485,2303,12868,11920,12221,29352
PJL,HG03762,X,2571,2197,12853,11935,12039,29266
PJL,HG03765,X,2510,2192,12892,11896,11952,29327
PJL,HG03767,X,2365,2170,12992,11796,12143,29472
GIH,NA20845,X,2410,2233,13099,11689,12092,29427
GIH,NA20846,X,2498,2116,12967,11821,11860,29339
GIH,NA20847,X,2503,2158,13131,11657,11973,29334
GIH,NA20849,X,2375,2335,12861,11927,12267,29462
GIH,NA20850,X,2614,2220,12908,11880,12192,29223
GIH,NA20851,X,2417,2275,13047,11741,12191,29420
GIH,NA20852,X,2561,2175,12982,11806,12044,29276
GIH,NA20853,X,2510,2196,12792,11996,12325,29327
GIH,NA20854,X,2728,2219,12888,11900,11906,29109
GIH,NA20856,X,2360,2153,13290,11498,11809,29477
GIH,NA20858,X,2370,2188,13201,11587,12076,29467
GIH,NA20859,X,2464,2199,12975,11813,11788,29373
GIH,NA20861,X,2487,2204,13033,11755,12007,29350
GIH,NA20862,X,2561,2183,13014,11774,11974,29276
GIH,NA20863,X,2469,2234,13045,11743,12229,29368
GIH,NA20864,X,2420,2242,12942,11846,12203,29417
GIH,NA20866,X,2380,2287,13298,11490,11981,29457
GIH,NA20867,X,2565,2174,12798,11990,12215,29272
GIH,NA20868,X,2477,2151,12988,11800,12084,29360
GIH,NA20869,X,2464,2280,12996,11792,12033,29373
GIH,NA20870,X,2510,2312,12828,11960,12056,29327
GIH,NA20872,X,2547,2303,12868,11920,12275,29290
GIH,NA20874,X,2581,2280,12752,12036,12150,29256
GIH,NA20875,X,2456,2132,13089,11699,11669,29381
GIH,NA20876,X,2404,2191,13204,11584,12206,29433
GIH,NA20877,X,2393,2217,13153,11635,11951,29444
GIH,NA20878,X,2460,2262,12903,11885,12013,29377
GIH,NA20881,X,2662,2222,12759,12029,12035,29175
GIH,NA20882,X,2492,2315,12931,11857,11989,29345
GIH,NA20884,X,2449,2140,13104,11684,11744,29388
GIH,NA20885,X,2379,2167,13012,11776,12082,29458
GIH,NA20886,X,2515,2254,12754,12034,12172,29322
GIH,NA20887,X,2413,2291,13166,11622,12074,29424
GIH,NA20888,X,2510,2222,12992,11796,12226,29327
GIH,NA20889,X,2416,2305,13062,11726,12043,29421
GIH,NA20890,X,2416,2201,13122,11666,12112,29421
GIH,NA20891,X,2410,2126,13207,11581,11835,29427
GIH,NA20892,X,2481,2269,12969,11819,12171,29356
GIH,NA20894,X,2596,2125,12928,11860,11966,29241
GIH,NA20895,X,2467,2211,12987,11801,12193,29370
GIH,NA20896,X,2445,2213,12802,11986,12160,29392
GIH,NA20897,X,2486,2243,12923,11865,12204,29351
GIH,NA20899,X,2449,2122,12936,11852,11930,29388
GIH,NA20900,X,2393,2132,13211,11577,11817,29444
GIH,NA20901,X,2546,2197,12809,11979,12107,29291
GIH,NA20902,X,2559,2207,13117,11671,11957,29278
GIH,NA20903,X,2443,2262,12852,11936,12235,29394
GIH,NA20904,X,2361,2212,13096,11692,12075,29476
GIH,NA20905,X,2427,2191,13198,11590,11790,29410
GIH,NA20906,X,2535,2128,12829,11959,11770,29302
GIH,NA20908,X,2388,2235,13188,11600,11947,29449
GIH,NA20910,X,2438,2160,13049,11739,11975,29399
GIH,NA20911,X,2441,2144,13109,11679,11800,29396
GIH,NA21086,X,2416,2222,13073,11715,12094,29421
GIH,NA21087,X,2421,2268,13040,11748,11868,29416
GIH,NA21088,X,2455,2304,12814,11974,12317,29382
GIH,NA21089,X,2547,2202,12968,11820,12208,29290
GIH,NA21090,X,2601,2241,12680,12108,12456,29236
GIH,NA21091,X,2410,2174,13181,11607,11913,29427
GIH,NA21092,X,2428,2127,13156,11632,11850,29409
GIH,NA21093,X,2566,2218,12947,11841,12085,29271
GIH,NA21094,X,2480,2177,13126,11662,11929,29357
GIH,NA21095,X,2391,2179,13052,11736,12105,29446
GIH,NA21097,X,2471,2296,12789,11999,12417,29366
GIH,NA21098,X,2506,2131,13049,11739,12069,29331
GIH,NA21099,X,2473,2238,12890,11898,11931,29364
GIH,NA21100,X,2439,2105,12879,11909,12087,29398
GIH,NA21101,X,2432,2164,13053,11735,12072,29405
GIH,NA21102,X,2440,2160,13214,11574,11717,29397
GIH,NA21103,X,2491,2406,12718,12070,12305,29346
GIH,NA21104,X,2568,2330,12901,11887,12250,29269
GIH,NA21105,X,2521,2203,12922,11866,12184,29316
GIH,NA21106,X,2332,2225,13212,11576,11901,29505
GIH,NA21107,X,2501,2236,12952,11836,12164,29336
GIH,NA21108,X,2478,2194,13051,11737,12015,29359
GIH,NA21109,X,2548,2205,12895,11893,12088,29289
GIH,NA21110,X,2439,2171,13125,11663,11966,29398
GIH,NA21111,X,2440,2188,13031,11757,12246,29397
GIH,NA21112,X,2397,2221,13030,11758,12079,29440
GIH,NA21113,X,2525,2149,13051,11737,12048,29312
GIH,NA21114,X,2555,2254,12842,11946,12198,29282
GIH,NA21115,X,2582,2175,12943,11845,11881,29255
GIH,NA21116,X,2546,2199,12718,12070,12257,29291
GIH,NA21117,X,2335,2179,13191,11597,11808,29502
GIH,NA21118,X,2442,2222,12983,11805,12217,29395
GIH,NA21119,X,2557,2211,12896,11892,12154,29280
GIH,NA21120,X,2443,2190,13193,11595,11977,29394
GIH,NA21122,X,2530,2158,13152,11636,11731,29307
GIH,NA21123,X,2504,2186,12959,11829,11914,29333
GIH,NA21124,X,2476,2226,12936,11852,12275,29361
GIH,NA21125,X,2502,2196,12963,11825,12046,29335
GIH,NA21126,X,2352,2166,13245,11543,12011,29485
GIH,NA21127,X,2383,2142,13258,11530,11969,29454
GIH,NA21128,X,2407,2059,13297,11491,11752,29430
GIH,NA21129,X,2543,2210,12840,11948,12127,29294
GIH,NA21130,X,2376,2062,13376,11412,11649,29461
GIH,NA21133,X,2313,2131,13123,11665,12250,29524
GIH,NA21135,X,2513,2094,12869,11919,12216,29324
GIH,NA21137,X,2405,2262,12941,11847,12343,29432
GIH,NA21141,X,2457,2215,13090,11698,12094,29380
GIH,NA21142,X,2412,2221,13161,11627,11936,29425
GIH,NA21143,X,2526,2290,12804,11984,12132,29311
GIH,NA21144,X,2539,2260,12903,11885,12176,29298
TSI,NA20502,X,2517,2198,13022,11766,11895,29320
TSI,NA20503,X,2377,2223,13104,11684,12019,29460
TSI,NA20504,X,2526,2105,12926,11862,12159,29311
TSI,NA20505,X,2493,2301,13075,11713,12069,29344
TSI,NA20506,X,2505,2153,12980,11808,11928,29332
TSI,NA20507,X,2473,2193,12894,11894,12268,29364
TSI,NA20508,X,2534,2137,12892,11896,12209,29303
TSI,NA20509,X,2602,2188,12894,11894,12151,29235
TSI,NA20510,X,2518,2220,12780,12008,12268,29319
TSI,NA20511,X,2496,2161,13004,11784,12259,29341
TSI,NA20512,X,2457,2275,12887,11901,12211,29380
TSI,NA20513,X,2426,2201,13085,11703,12092,29411
TSI,NA20514,X,2447,2142,12913,11875,12179,29390
TSI,NA20515,X,2453,2176,13069,11719,12006,29384
TSI,NA20516,X,2542,2248,13084,11704,12029,29295
TSI,NA20517,X,2516,2196,12860,11928,12327,29321
TSI,NA20518,X,2512,2254,13059,11729,12184,29325
TSI,NA20519,X,2446,2103,13282,11506,11687,29391
TSI,NA20520,X,2539,2170,13047,11741,12103,29298
TSI,NA20521,X,2516,2182,13037,11751,12093,29321
TSI,NA20522,X,2507,2268,12690,12098,12541,29330
TSI,NA20524,X,2480,2241,13093,11695,12001,29357
TSI,NA20525,X,2557,2174,13068,11720,12129,29280
TSI,NA20527,X,2406,2216,13160,11628,12122,29431
TSI,NA20528,X,2486,2159,13004,11784,12208,29351
TSI,NA20529,X,2525,2232,12852,11936,12207,29312
TSI,NA20530,X,2415,2300,12787,12001,12056,29422
TSI,NA20531,X,2519,2294,12828,11960,12300,29318
TSI,NA20532,X,2400,2287,12984,11804,12384,29437
TSI,NA20533,X,2471,2227,12911,11877,11948,29366
TSI,NA20534,X,2389,2155,13211,11577,11882,29448
TSI,NA20535,X,2471,2255,13055,11733,12231,29366
TSI,NA20536,X,2380,2265,13020,11768,12125,29457
TSI,NA20538,X,2577,2178,13038,11750,12116,29260
TSI,NA20539,X,2512,2262,12828,11960,12272,29325
TSI,NA20540,X,2434,2173,13025,11763,11968,29403
TSI,NA20541,X,2470,2157,13036,11752,12228,29367
TSI,NA20542,X,2527,2182,13019,11769,12000,29310
TSI,NA20543,X,2429,2224,13038,11750,11883,29408
TSI,NA20544,X,2448,2254,12886,11902,12153,29389
TSI,NA20581,X,2517,2186,12925,11863,12112,29320
TSI,NA20582,X,2644,2046,12884,11904,11840,29193
TSI,NA20585,X,2512,2197,12956,11832,12236,29325
TSI,NA20586,X,2355,2257,13084,11704,12383,29482
TSI,NA20587,X,2462,2119,13108,11680,12131,29375
TSI,NA20588,X,2442,2138,13206,11582,11942,29395
TSI,NA20589,X,2405,2169,13121,11667,12232,29432
TSI,NA20752,X,2458,2174,12847,11941,12098,29379
TSI,NA20753,X,2586,2171,12769,12019,12379,29251
TSI,NA20754,X,2534,2217,12818,11970,12290,29303
TSI,NA20755,X,2635,2263,12813,11975,12313,29202
TSI,NA20756,X,2493,2232,12815,11973,12267,29344
TSI,NA20757,X,2533,2139,12910,11878,12023,29304
TSI,NA20758,X,2585,2128,12932,11856,11949,29252
TSI,NA20759,X,2346,2209,13296,11492,12105,29491
TSI,NA20760,X,2547,2244,12921,11867,12049,29290
TSI,NA20761,X,2515,2255,12832,11956,12406,29322
TSI,NA20762,X,2421,2250,12792,11996,12438,29416
TSI,NA20763,X,2472,2226,13135,11653,12053,29365
TSI,NA20764,X,2435,2135,13189,11599,12102,29402
TSI,NA20765,X,2469,2140,13268,11520,11900,29368
TSI,NA20766,X,2460,2214,13032,11756,12017,29377
TSI,NA20767,X,2546,2257,12873,11915,12482,29291
TSI,NA20768,X,2458,2104,13038,11750,12127,29379
TSI,NA20769,X,2544,2203,13001,11787,11981,29293
TSI,NA20770,X,2504,2258,12784,12004,12167,29333
TSI,NA20771,X,2407,2292,13009,11779,12304,29430
TSI,NA20772,X,2500,2226,12752,12036,12317,29337
TSI,NA20773,X,2426,2143,13148,11640,12249,29411
TSI,NA20774,X,2349,2168,13087,11701,12203,29488
TSI,NA20775,X,2615,2087,12884,11904,12130,29222
TSI,NA20778,X,2538,2231,12791,11997,12231,29299
TSI,NA20783,X,2507,2161,13218,11570,11896,29330
TSI,NA20785,X,2542,2249,12899,11889,12383,29295
TSI,NA20786,X,2524,2169,13237,11551,12054,29313
TSI,NA20787,X,2475,2171,12962,11826,12041,29362
TSI,NA20790,X,2467,2233,12940,11848,12266,29370
TSI,NA20792,X,2555,2241,12754,12034,12224,29282
TSI,NA20795,X,2489,2212,12980,11808,12098,29348
TSI,NA20796,X,2529,2234,12840,11948,12118,29308
TSI,NA20797,X,2514,2314,12671,12117,12589,29323
TSI,NA20798,X,2484,2227,12761,12027,12284,29353
TSI,NA20799,X,2503,2143,12954,11834,12207,29334
TSI,NA20800,X,2508,2222,12985,11803,12273,29329
TSI,NA20801,X,2557,2186,12874,11914,12038,29280
TSI,NA20802,X,2486,2150,13111,11677,11971,29351
TSI,NA20803,X,2566,2247,12956,11832,12375,29271
TSI,NA20804,X,2612,2189,12910,11878,12022,29225
TSI,NA20805,X,2571,2181,12950,11838,12145,29266
TSI,NA20806,X,2421,2209,13077,11711,12027,29416
TSI,NA20807,X,2484,2182,13087,11701,12107,29353
TSI,NA20808,X,2445,2240,13052,11736,12097,29392
TSI,NA20809,X,2564,2213,12806,11982,12385,29273
TSI,NA20810,X,2484,2166,12952,11836,12102,29353
TSI,NA20811,X,2628,2131,12983,11805,12016,29209
TSI,NA20812,X,2445,2114,13182,11606,12007,29392
TSI,NA20813,X,2398,2230,13171,11617,12066,29439
TSI,NA20814,X,2366,2227,13147,11641,12134,29471
TSI,NA20815,X,2334,2225,13320,11468,11904,29503
TSI,NA20818,X,2353,2210,13206,11582,12012,29484
TSI,NA20819,X,2501,2158,13024,11764,12072,29336
TSI,NA20821,X,2387,2167,13112,11676,11939,29450
TSI,NA20822,X,2558,2149,13031,11757,12068,29279
TSI,NA20826,X,2501,2227,12842,11946,12285,29336
TSI,NA20827,X,2486,2213,12987,11801,12137,29351
TSI,NA20828,X,2398,2212,13174,11614,12127,29439
TSI,NA20832,X,2430,2196,13324,11464,11592,29407
CEU,NA06984,X,2485,2168,12886,11902,12169,29352
CEU,NA06985,X,2534,2367,13006,11782,12375,29303
CEU,NA06986,X,2476,2140,13129,11659,12224,29361
CEU,NA06989,X,2440,2128,13268,11520,11880,29397
CEU,NA06994,X,2513,2148,13110,11678,12124,29324
CEU,NA07000,X,2666,2168,12985,11803,12173,29171
CEU,NA07037,X,2567,2238,12816,11972,12279,29270
CEU,NA07048,X,2419,2192,12901,11887,12352,29418
CEU,NA07051,X,2555,2157,13137,11651,11848,29282
CEU,NA07056,X,2401,2237,13047,11741,12089,29436
CEU,NA07347,X,2464,2259,12971,11817,12227,29373
CEU,NA07357,X,2474,2137,13153,11635,11906,29363
CEU,NA10847,X,2566,2175,12877,11911,12125,29271
CEU,NA10851,X,2560,2194,12748,12040,12224,29277
CEU,NA11829,X,2565,2194,12840,11948,12058,29272
CEU,NA11830,X,2582,2181,12891,11897,11924,29255
CEU,NA11831,X,2608,2262,12667,12121,12361,29229
CEU,NA11832,X,2481,2172,13201,11587,12109,29356
CEU,NA11840,X,2495,2214,12813,11975,12228,29342
CEU,NA11843,X,2567,2186,12706,12082,12243,29270
CEU,NA11881,X,2574,2190,12889,11899,12336,29263
CEU,NA11892,X,2441,2281,12924,11864,12267,29396
CEU,NA11893,X,2520,2168,12844,11944,12258,29317
CEU,NA11894,X,2592,2168,12812,11976,12067,29245
CEU,NA11918,X,2475,2219,13137,11651,12126,29362
CEU,NA11919,X,2612,2200,12734,12054,12388,29225
CEU,NA11920,X,2449,2143,13006,11782,12042,29388
CEU,NA11930,X,2492,2191,12943,11845,12211,29345
CEU,NA11931,X,2432,2247,12965,11823,12060,29405
CEU,NA11932,X,2563,2126,13097,11691,11898,29274
CEU,NA11933,X,2396,2165,13019,11769,12230,29441
CEU,NA11992,X,2474,2161,12952,11836,12244,29363
CEU,NA11994,X,2411,2027,13133,11655,12078,29426
CEU,NA11995,X,2465,2145,13150,11638,11980,29372
CEU,NA12003,X,2501,2251,12896,11892,12280,29336
CEU,NA12004,X,2531,2289,12654,12134,12503,29306
CEU,NA12005,X,2559,2169,12967,11821,12121,29278
CEU,NA12006,X,2532,2129,13059,11729,12090,29305
CEU,NA12043,X,2570,2258,12877,11911,12313,29267
CEU,NA12044,X,2503,2226,12732,12056,12293,29334
CEU,NA12045,X,2447,2135,13114,11674,12203,29390
CEU,NA12046,X,2442,2249,12846,11942,12522,29395
CEU,NA12058,X,2484,2208,12985,11803,12295,29353
CEU,NA12144,X,2467,2258,12848,11940,12448,29370
CEU,NA12154,X,2510,2175,13125,11663,12091,29327
CEU,NA12155,X,2524,2106,13014,11774,12065,29313
CEU,NA12156,X,2514,2222,12868,11920,12214,29323
CEU,NA12234,X,2506,2131,13104,11684,11930,29331
CEU,NA12249,X,2446,2218,12790,11998,12294,29391
CEU,NA12272,X,2484,2144,12915,11873,12117,29353
CEU,NA12273,X,2493,2183,13022,11766,12050,29344
CEU,NA12275,X,2519,2152,12984,11804,12114,29318
CEU,NA12282,X,2414,2230,13232,11556,11866,29423
CEU,NA12283,X,2371,2124,13372,11416,11853,29466
CEU,NA12286,X,2565,2156,12929,11859,12074,29272
CEU,NA12287,X,2434,2125,13183,11605,12009,29403
CEU,NA12340,X,2397,2214,13099,11689,12259,29440
CEU,NA12341,X,2426,2251,12725,12063,12451,29411
CEU,NA12342,X,2532,2139,13069,11719,12013,29305
CEU,NA12347,X,2499,2257,12970,11818,12316,29338
CEU,NA12348,X,2557,2205,12785,12003,12283,29280
CEU,NA12383,X,2502,2325,12718,12070,12469,29335
CEU,NA12399,X,2544,2261,12759,12029,12475,29293
CEU,NA12400,X,2384,2200,13215,11573,11951,29453
CEU,NA12413,X,2631,2273,12893,11895,12303,29206
CEU,NA12414,X,2541,2142,12966,11822,11965,29296
CEU,NA12489,X,2625,2245,12692,12096,12248,29212
CEU,NA12546,X,2566,2210,12691,12097,12360,29271
CEU,NA12716,X,2545,2283,12607,12181,12523,29292
CEU,NA12717,X,2524,2187,12905,11883,12330,29313
CEU,NA12718,X,2479,2212,13005,11783,12022,29358
CEU,NA12748,X,2532,2219,13021,11767,12098,29305
CEU,NA12749,X,2422,2180,13130,11658,12337,29415
CEU,NA12750,X,2490,2143,13098,11690,12133,29347
CEU,NA12751,X,2447,2257,13067,11721,12151,29390
CEU,NA12760,X,2582,2162,12948,11840,12123,29255
CEU,NA12761,X,2461,2165,12787,12001,12434,29376
CEU,NA12762,X,2553,2303,12571,12217,12567,29284
CEU,NA12763,X,2445,2202,12838,11950,12369,29392
CEU,NA12775,X,2403,2228,12971,11817,12325,29434
CEU,NA12776,X,2481,2220,12975,11813,12300,29356
CEU,NA12777,X,2492,2236,12817,11971,12168,29345
CEU,NA12778,X,2570,2148,12940,11848,12056,29267
CEU,NA12812,X,2489,2253,13020,11768,12161,29348
CEU,NA12813,X,2543,2297,12943,11845,12263,29294
CEU,NA12814,X,2393,2138,13357,11431,11797,29444
CEU,NA12815,X,2481,2249,12911,11877,12069,29356
CEU,NA12827,X,2423,2021,13157,11631,12032,29414
CEU,NA12828,X,2573,2124,12965,11823,11932,29264
CEU,NA12829,X,2468,2290,12735,12053,12515,29369
CEU,NA12830,X,2424,2231,13130,11658,12028,29413
CEU,NA12842,X,2520,2174,13079,11709,12049,29317
CEU,NA12843,X,2449,2296,12974,11814,12385,29388
CEU,NA12872,X,2505,2216,12981,11807,12166,29332
CEU,NA12873,X,2494,2157,13144,11644,11986,29343
CEU,NA12874,X,2483,2160,13004,11784,12094,29354
CEU,NA12878,X,2529,2096,13076,11712,11884,29308
CEU,NA12889,X,2522,2150,12926,11862,12060,29315
CEU,NA12890,X,2495,2249,12873,11915,12138,29342
IBS,HG01500,X,2547,2226,13008,11780,12089,29290
IBS,HG01501,X,2504,2138,12979,11809,11835,29333
IBS,HG01503,X,2494,2124,12907,11881,12163,29343
IBS,HG01504,X,2465,2142,13241,11547,11778,29372
IBS,HG01506,X,2466,2142,13044,11744,12044,29371
IBS,HG01507,X,2479,2148,13019,11769,12097,29358
IBS,HG01509,X,2387,2154,13523,11265,11693,29450
IBS,HG01510,X,2334,2240,13248,11540,11923,29503
IBS,HG01512,X,2321,2182,13380,11408,12007,29516
IBS,HG01513,X,2438,2228,13123,11665,11957,29399
IBS,HG01515,X,2489,2276,12978,11810,12191,29348
IBS,HG01516,X,2494,2184,12970,11818,12081,29343
IBS,HG01518,X,2438,2148,13044,11744,12013,29399
IBS,HG01519,X,2380,2255,12999,11789,12279,29457
IBS,HG01521,X,2538,2203,13003,11785,12062,29299
IBS,HG01522,X,2426,2138,13197,11591,11816,29411
IBS,HG01524,X,2478,2175,13069,11719,12093,29359
IBS,HG01525,X,2467,2251,12934,11854,12237,29370
IBS,HG01527,X,2501,2173,13008,11780,12228,29336
IBS,HG01528,X,2363,2172,13189,11599,12180,29474
IBS,HG01530,X,2504,2148,13251,11537,11829,29333
IBS,HG01531,X,2500,2275,12923,11865,12445,29337
IBS,HG01536,X,2525,2185,12990,11798,12097,29312
IBS,HG01537,X,2626,2227,12911,11877,12243,29211
IBS,HG01602,X,2573,2205,13080,11708,11949,29264
IBS,HG01603,X,2468,2214,13012,11776,11970,29369
IBS,HG01605,X,2560,2268,12812,11976,12274,29277
IBS,HG01606,X,2384,2123,13033,11755,12116,29453
IBS,HG01607,X,2631,2209,12871,11917,11937,29206
IBS,HG01608,X,2592,2260,12869,11919,12226,29245
IBS,HG01610,X,2558,2231,12808,11980,12336,29279
IBS,HG01612,X,2539,2196,13094,11694,11886,29298
IBS,HG01613,X,2550,2264,13067,11721,12142,29287
IBS,HG01615,X,2417,2175,13064,11724,12054,29420
IBS,HG01617,X,2459,2233,13008,11780,12035,29378
IBS,HG01618,X,2470,2192,12895,11893,12355,29367
IBS,HG01619,X,2434,2214,13095,11693,12198,29403
IBS,HG01620,X,2515,2102,13248,11540,11715,29322
IBS,HG01623,X,2419,2117,13257,11531,12012,29418
IBS,HG01624,X,2496,2258,12843,11945,12443,29341
IBS,HG01625,X,2404,2207,13005,11783,12196,29433
IBS,HG01626,X,2580,2246,12768,12020,12244,29257
IBS,HG01628,X,2655,2133,12858,11930,11943,29182
IBS,HG01630,X,2582,2178,12872,11916,12285,29255
IBS,HG01631,X,2472,2225,12788,12000,12332,29365
IBS,HG01632,X,2613,2146,12857,11931,12206,29224
IBS,HG01668,X,2420,2111,13018,11770,11912,29417
IBS,HG01669,X,2543,2206,12897,11891,12094,29294
IBS,HG01670,X,2514,2178,12967,11821,12203,29323
IBS,HG01672,X,2535,2222,12928,11860,12160,29302
IBS,HG01673,X,2489,2095,13278,11510,11806,29348
IBS,HG01675,X,2600,2143,12696,12092,12287,29237
IBS,HG01676,X,2525,2311,12835,11953,12322,29312
IBS,HG01678,X,2577,2203,12875,11913,12253,29260
IBS,HG01679,X,2529,2233,12889,11899,11990,29308
IBS,HG01680,X,2423,2265,12998,11790,12127,29414
IBS,HG01682,X,2379,2231,13109,11679,12187,29458
IBS,HG01684,X,2376,2219,13159,11629,12141,29461
IBS,HG01685,X,2476,2240,13087,11701,12097,29361
IBS,HG01686,X,2501,2331,12802,11986,12377,29336
IBS,HG01694,X,2383,2145,13139,11649,12022,29454
IBS,HG01695,X,2448,2212,13006,11782,12066,29389
IBS,HG01697,X,2385,2101,13104,11684,12119,29452
IBS,HG01699,X,2402,2123,13250,11538,11751,29435
IBS,HG01700,X,2445,2116,13116,11672,12077,29392
IBS,HG01702,X,2521,2290,12858,11930,12368,29316
IBS,HG01704,X,2541,2201,13041,11747,11889,29296
IBS,HG01705,X,2654,2176,12897,11891,12253,29183
IBS,HG01707,X,2528,2184,12965,11823,12151,29309
IBS,HG01708,X,2394,2074,13215,11573,11837,29443
IBS,HG01709,X,2409,2059,13083,11705,11875,29428
IBS,HG01710,X,2372,2201,13356,11432,11881,29465
IBS,HG01746,X,2581,2253,12900,11888,12320,29256
IBS,HG01747,X,2534,2185,12915,11873,12024,29303
IBS,HG01756,X,2473,2190,13191,11597,12000,29364
IBS,HG01757,X,2518,2164,13078,11710,12108,29319
IBS,HG01761,X,2530,2240,12841,11947,12231,29307
IBS,HG01762,X,2526,2178,13029,11759,12231,29311
IBS,HG01765,X,2557,2115,12925,11863,11985,29280
IBS,HG01766,X,2649,2235,12760,12028,12285,29188
IBS,HG01767,X,2490,2249,13064,11724,12280,29347
IBS,HG01768,X,2415,2209,13326,11462,11933,29422
IBS,HG01770,X,2472,2115,13042,11746,12024,29365
IBS,HG01771,X,2681,2230,12736,12052,12074,29156
IBS,HG01773,X,2545,2099,13156,11632,11755,29292
IBS,HG01775,X,2572,2192,13121,11667,11955,29265
IBS,HG01776,X,2334,2143,13212,11576,11928,29503
IBS,HG01777,X,2512,2151,12953,11835,12296,29325
IBS,HG01779,X,2400,2143,12918,11870,12344,29437
IBS,HG01781,X,2483,2256,12957,11831,12215,29354
IBS,HG01783,X,2548,2268,12765,12023,12338,29289
IBS,HG01784,X,2352,2186,13439,11349,11827,29485
IBS,HG01785,X,2473,2135,13081,11707,11910,29364
IBS,HG01786,X,2453,2194,13063,11725,12050,29384
IBS,HG02219,X,2429,2196,13139,11649,12053,29408
IBS,HG02220,X,2417,2305,13088,11700,12195,29420
IBS,HG02221,X,2502,2175,12897,11891,11991,29335
IBS,HG02223,X,2436,2251,13000,11788,11878,29401
IBS,HG02224,X,2505,2193,12812,11976,12083,29332
IBS,HG02230,X,2374,2086,13199,11589,11662,29463
IBS,HG02231,X,2353,2113,13251,11537,11969,29484
IBS,HG02232,X,2509,2234,12803,11985,12186,29328
IBS,HG02233,X,2453,2188,13012,11776,12206,29384
IBS,HG02235,X,2433,2103,13030,11758,11894,29404
IBS,HG02236,X,2477,2186,13029,11759,12029,29360
IBS,HG02238,X,2570,2156,13111,11677,12045,29267
IBS,HG02239,X,2480,2116,13152,11636,12035,29357
GBR,HG00096,X,2579,2177,13053,11735,12067,29258
GBR,HG00097,X,2512,2226,12969,11819,12061,29325
GBR,HG00099,X,2413,2265,13104,11684,12136,29424
GBR,HG00100,X,2443,2228,13003,11785,12300,29394
GBR,HG00101,X,2403,2148,13174,11614,12049,29434
GBR,HG00102,X,2557,2203,12845,11943,12171,29280
GBR,HG00103,X,2506,2223,12789,11999,12420,29331
GBR,HG00105,X,2438,2224,12954,11834,12294,29399
GBR,HG00106,X,2629,2306,12617,12171,12471,29208
GBR,HG00107,X,2389,2127,13152,11636,12107,29448
GBR,HG00108,X,2438,2195,13057,11731,11998,29399
GBR,HG00109,X,2420,2195,12899,11889,12187,29417
GBR,HG00110,X,2468,2082,13033,11755,11946,29369
GBR,HG00111,X,2522,2264,12804,11984,12428,29315
GBR,HG00112,X,2519,2215,13005,11783,12331,29318
GBR,HG00113,X,2507,2166,12886,11902,12103,29330
GBR,HG00114,X,2447,2256,12904,11884,12287,29390
GBR,HG00115,X,2429,2226,13001,11787,12161,29408
GBR,HG00116,X,2607,2289,12683,12105,12291,29230
GBR,HG00117,X,2431,2180,13216,11572,11918,29406
GBR,HG00118,X,2513,2098,12872,11916,12155,29324
GBR,HG00119,X,2599,2229,13052,11736,11973,29238
GBR,HG00120,X,2455,2252,13000,11788,12062,29382
GBR,HG00121,X,2602,2179,13077,11711,11907,29235
GBR,HG00122,X,2535,2273,12889,11899,12284,29302
GBR,HG00123,X,2572,2126,13027,11761,12052,29265
GBR,HG00125,X,2474,2133,12963,11825,12023,29363
GBR,HG00126,X,2549,2314,12833,11955,12392,29288
GBR,HG00127,X,2531,2200,13013,11775,12143,29306
GBR,HG00128,X,2447,2154,12991,11797,12095,29390
GBR,HG00129,X,2570,2207,12958,11830,12005,29267
GBR,HG00130,X,2383,2149,13049,11739,12044,29454
GBR,HG00131,X,2420,2142,13180,11608,11821,29417
GBR,HG00132,X,2486,2200,13059,11729,12002,29351
GBR,HG00133,X,2619,2201,12969,11819,12111,29218
GBR,HG00136,X,2364,2143,13039,11749,12187,29473
GBR,HG00137,X,2483,2138,12956,11832,12093,29354
GBR,HG00138,X,2554,2187,13127,11661,11894,29283
GBR,HG00139,X,2440,2201,13156,11632,12032,29397
GBR,HG00140,X,2406,2153,13215,11573,11859,29431
GBR,HG00141,X,2514,2232,12747,12041,12314,29323
GBR,HG00142,X,2442,2194,13011,11777,12079,29395
GBR,HG00143,X,2600,2132,12774,12014,12258,29237
GBR,HG00145,X,2424,2194,13257,11531,11938,29413
GBR,HG00146,X,2413,2157,13038,11750,12063,29424
GBR,HG00148,X,2492,2153,13108,11680,11967,29345
GBR,HG00149,X,2496,2238,12789,11999,12427,29341
GBR,HG00150,X,2417,2182,13276,11512,12185,29420
GBR,HG00151,X,2515,2196,12802,11986,12171,29322
GBR,HG00154,X,2527,2149,12957,11831,11837,29310
GBR,HG00155,X,2540,2121,12965,11823,12155,29297
GBR,HG00157,X,2488,2153,13014,11774,12195,29349
GBR,HG00158,X,2526,2197,12937,11851,12060,29311
GBR,HG00159,X,2558,2154,12875,11913,12339,29279
GBR,HG00160,X,2491,2167,12914,11874,12077,29346
GBR,HG00231,X,2525,2180,13137,11651,11812,29312
GBR,HG00232,X,2497,2229,12819,11969,12206,29340
GBR,HG00233,X,2482,2226,12796,11992,12200,29355
GBR,HG00234,X,2409,2132,13100,11688,11991,29428
GBR,HG00235,X,2411,2290,12977,11811,12259,29426
GBR,HG00236,X,2565,2152,13041,11747,11874,29272
GBR,HG00237,X,2495,2197,12800,11988,12232,29342
GBR,HG00238,X,2424,2219,13008,11780,12180,29413
GBR,HG00239,X,2411,2153,13202,11586,12106,29426
GBR,HG00240,X,2506,2135,13068,11720,11909,29331
GBR,HG00242,X,2496,2113,13234,11554,11827,29341
GBR,HG00243,X,2506,2300,12807,11981,12414,29331
GBR,HG00244,X,2510,2209,13128,11660,12075,29327
GBR,HG00245,X,2609,2232,12837,11951,12358,29228
GBR,HG00246,X,2570,2163,13008,11780,11998,29267
GBR,HG00250,X,2536,2160,12814,11974,12330,29301
GBR,HG00251,X,2527,2168,12905,11883,12079,29310
GBR,HG00252,X,2441,2217,13148,11640,12149,29396
GBR,HG00253,X,2490,2193,13048,11740,12109,29347
GBR,HG00254,X,2575,2169,12867,11921,12078,29262
GBR,HG00255,X,2574,2138,12864,11924,12156,29263
GBR,HG00256,X,2528,2129,12958,11830,11997,29309
GBR,HG00257,X,2601,2140,12985,11803,12075,29236
GBR,HG00258,X,2578,2170,12705,12083,12338,29259
GBR,HG00259,X,2550,2243,12878,11910,12093,29287
GBR,HG00260,X,2540,2167,12982,11806,12086,29297
GBR,HG00261,X,2474,2173,12907,11881,12215,29363
GBR,HG00262,X,2403,2256,13100,11688,12345,29434
GBR,HG00263,X,2535,2264,12810,11978,12167,29302
GBR,HG00264,X,2568,2203,12898,11890,12041,29269
GBR,HG00265,X,2398,2216,13089,11699,12094,29439
GBR,HG01334,X,2432,2174,12945,11843,12104,29405
GBR,HG01789,X,2362,2279,13020,11768,12237,29475
GBR,HG01790,X,2562,2137,12906,11882,12006,29275
GBR,HG01791,X,2628,2183,12714,12074,12131,29209
GBR,HG02215,X,2515,2151,12966,11822,12279,29322
FIN,HG00171,X,2479,2245,12928,11860,12306,29358
FIN,HG00173,X,2465,2110,13082,11706,11708,29372
FIN,HG00174,X,2465,2197,13090,11698,11999,29372
FIN,HG00176,X,2647,2215,12710,12078,12350,29190
FIN,HG00177,X,2484,2125,12948,11840,12038,29353
FIN,HG00178,X,2501,2151,13058,11730,12180,29336
FIN,HG00179,X,2361,2237,13120,11668,12003,29476
FIN,HG00180,X,2431,2180,13100,11688,12040,29406
FIN,HG00181,X,2565,2259,12816,11972,12382,29272
FIN,HG00182,X,2441,2201,13231,11557,11906,29396
FIN,HG00183,X,2553,2150,13089,11699,11952,29284
FIN,HG00185,X,2573,2137,12956,11832,11983,29264
FIN,HG00186,X,2560,2373,12624,12164,12512,29277
FIN,HG00187,X,2454,2120,13195,11593,11923,29383
FIN,HG00188,X,2468,2147,12955,11833,12121,29369
FIN,HG00189,X,2432,2100,13006,11782,12006,29405
FIN,HG00190,X,2510,2118,13179,11609,11864,29327
FIN,HG00266,X,2532,2080,12874,11914,12133,29305
FIN,HG00267,X,2367,2067,13199,11589,11948,29470
FIN,HG00268,X,2488,2191,13079,11709,12017,29349
FIN,HG00269,X,2430,2214,12796,11992,12330,29407
FIN,HG00271,X,2448,2189,13237,11551,11929,29389
FIN,HG00272,X,2635,2116,12894,11894,11862,29202
FIN,HG00273,X,2529,2058,13098,11690,11855,29308
FIN,HG00274,X,2473,2129,13070,11718,11911,29364
FIN,HG00275,X,2421,2144,12873,11915,12168,29416
FIN,HG00276,X,2423,2149,13227,11561,11838,29414
FIN,HG00277,X,2381,2194,13077,11711,12081,29456
FIN,HG00278,X,2581,2230,12723,12065,12275,29256
FIN,HG00280,X,2429,2298,13048,11740,12156,29408
FIN,HG00281,X,2474,2210,12928,11860,12186,29363
FIN,HG00282,X,2394,2185,13189,11599,11864,29443
FIN,HG00284,X,2467,2213,12895,11893,12247,29370
FIN,HG00285,X,2593,2155,13007,11781,12139,29244
FIN,HG00288,X,2426,2221,13289,11499,11833,29411
FIN,HG00290,X,2418,2150,13304,11484,11997,29419
FIN,HG00304,X,2463,2131,13196,11592,11915,29374
FIN,HG00306,X,2419,2317,12731,12057,12360,29418
FIN,HG00308,X,2434,2236,12947,11841,12080,29403
FIN,HG00309,X,2455,2192,12949,11839,12291,29382
FIN,HG00310,X,2444,2173,13244,11544,11921,29393
FIN,HG00311,X,2464,2175,13094,11694,11998,29373
FIN,HG00313,X,2396,2029,13275,11513,11788,29441
FIN,HG00315,X,2297,2096,13322,11466,11827,29540
FIN,HG00318,X,2492,2293,12790,11998,12337,29345
FIN,HG00319,X,2490,2194,13209,11579,11937,29347
FIN,HG00320,X,2492,2121,12878,11910,12132,29345
FIN,HG00321,X,2445,2118,13015,11773,11989,29392
FIN,HG00323,X,2541,2133,12868,11920,12182,29296
FIN,HG00324,X,2405,2304,13032,11756,12259,29432
FIN,HG00325,X,2484,2224,13082,11706,12029,29353
FIN,HG00326,X,2469,2200,13031,11757,11959,29368
FIN,HG00327,X,2603,2147,12928,11860,11791,29234
FIN,HG00328,X,2420,2133,13173,11615,11837,29417
FIN,HG00329,X,2494,2221,12900,11888,12097,29343
FIN,HG00330,X,2402,2249,12939,11849,12213,29435
FIN,HG00331,X,2511,2228,13020,11768,12141,29326
FIN,HG00332,X,2508,2177,13043,11745,11827,29329
FIN,HG00334,X,2494,2139,12986,11802,12045,29343
FIN,HG00335,X,2599,2163,12720,12068,12268,29238
FIN,HG00336,X,2528,2186,12948,11840,12016,29309
FIN,HG00337,X,2396,2133,13357,11431,11829,29441
FIN,HG00338,X,2588,2200,12943,11845,12077,29249
FIN,HG00339,X,2559,2097,13079,11709,12009,29278
FIN,HG00341,X,2503,2205,12811,11977,12275,29334
FIN,HG00342,X,2535,2162,12848,11940,12461,29302
FIN,HG00343,X,2425,2194,13072,11716,12011,29412
FIN,HG00344,X,2390,2178,12927,11861,12125,29447
FIN,HG00345,X,2416,2129,12955,11833,12372,29421
FIN,HG00346,X,2420,2257,13031,11757,12208,29417
FIN,HG00349,X,2405,2180,13099,11689,11990,29432
FIN,HG00350,X,2424,2072,13323,11465,11690,29413
FIN,HG00351,X,2529,2176,13081,11707,11965,29308
FIN,HG00353,X,2387,2258,12999,11789,12321,29450
FIN,HG00355,X,2513,2261,12838,11950,12119,29324
FIN,HG00356,X,2526,2237,12865,11923,12338,29311
FIN,HG00357,X,2446,2189,12928,11860,12205,29391
FIN,HG00358,X,2399,2122,13239,11549,11994,29438
FIN,HG00360,X,2475,2187,13036,11752,12123,29362
FIN,HG00361,X,2593,2164,12883,11905,11849,29244
FIN,HG00362,X,2432,2165,13211,11577,11823,29405
FIN,HG00364,X,2407,2156,13348,11440,11873,29430
FIN,HG00365,X,2501,2173,12862,11926,12298,29336
FIN,HG00366,X,2492,2105,13016,11772,11941,29345
FIN,HG00367,X,2382,2152,13258,11530,11882,29455
FIN,HG00368,X,2464,2171,13136,11652,11800,29373
FIN,HG00369,X,2508,2131,12961,11827,12032,29329
FIN,HG00371,X,2458,2145,13134,11654,12042,29379
FIN,HG00372,X,2534,2122,12983,11805,12068,29303
FIN,HG00373,X,2489,2297,12853,11935,12228,29348
FIN,HG00375,X,2487,2229,12900,11888,12179,29350
FIN,HG00376,X,2464,2190,12873,11915,12184,29373
FIN,HG00378,X,2488,2183,13154,11634,12134,29349
FIN,HG00379,X,2414,2142,13137,11651,11957,29423
FIN,HG00380,X,2463,2106,13106,11682,11729,29374
FIN,HG00381,X,2497,2148,13246,11542,11794,29340
FIN,HG00382,X,2533,2154,13031,11757,12021,29304
FIN,HG00383,X,2557,2222,12795,11993,12172,29280
FIN,HG00384,X,2474,2182,12889,11899,12200,29363
CHB,NA18525,X,2496,2131,13277,11511,11565,29341
CHB,NA18526,X,2421,2226,13235,11553,11886,29416
CHB,NA18528,X,2511,2176,13101,11687,11891,29326
CHB,NA18530,X,2539,2230,12918,11870,11751,29298
CHB,NA18531,X,2442,2226,12924,11864,12131,29395
CHB,NA18532,X,2560,2239,12980,11808,12050,29277
CHB,NA18533,X,2438,2111,13192,11596,11691,29399
CHB,NA18534,X,2409,2251,13111,11677,11802,29428
CHB,NA18535,X,2436,2274,13016,11772,11948,29401
CHB,NA18536,X,2504,2116,13085,11703,11831,29333
CHB,NA18537,X,2490,2171,12958,11830,11786,29347
CHB,NA18538,X,2356,2258,13107,11681,12094,29481
CHB,NA18539,X,2323,2247,13311,11477,12007,29514
CHB,NA18541,X,2522,2190,12976,11812,11935,29315
CHB,NA18542,X,2459,2202,13146,11642,11812,29378
CHB,NA18543,X,2472,2188,12960,11828,11992,29365
CHB,NA18544,X,2420,2169,12910,11878,11947,29417
CHB,NA18545,X,2488,2248,13165,11623,11824,29349
CHB,NA18546,X,2416,2179,12968,11820,12102,29421
CHB,NA18547,X,2310,2247,13439,11349,11771,29527
CHB,NA18548,X,2504,2184,12896,11892,11952,29333
CHB,NA18549,X,2409,2296,12994,11794,12001,29428
CHB,NA18550,X,2539,2196,12992,11796,11940,29298
CHB,NA18552,X,2492,2208,12965,11823,11881,29345
CHB,NA18553,X,2485,2204,13171,11617,11854,29352
CHB,NA18555,X,2523,2318,12788,12000,12349,29314
CHB,NA18557,X,2401,2274,13036,11752,12022,29436
CHB,NA18558,X,2321,2322,13247,11541,11981,29516
CHB,NA18559,X,2472,2103,13113,11675,11861,29365
CHB,NA18560,X,2470,2272,12823,11965,12101,29367
CHB,NA18561,X,2449,2233,12846,11942,11970,29388
CHB,NA18562,X,2395,2131,13319,11469,11655,29442
CHB,NA18563,X,2584,2128,13074,11714,11790,29253
CHB,NA18564,X,2368,2150,13276,11512,11853,29469
CHB,NA18565,X,2556,2274,12826,11962,12251,29281
CHB,NA18566,X,2459,2261,12952,11836,12093,29378
CHB,NA18567,X,2498,2215,12927,11861,11977,29339
CHB,NA18570,X,2565,2234,13017,11771,12149,29272
CHB,NA18571,X,2259,2169,13444,11344,11572,29578
CHB,NA18572,X,2542,2186,12953,11835,11787,29295
CHB,NA18573,X,2379,2281,13016,11772,12020,29458
CHB,NA18574,X,2512,2247,12983,11805,11770,29325
CHB,NA18577,X,2473,2351,12842,11946,12188,29364
CHB,NA18579,X,2581,2188,12860,11928,11885,29256
CHB,NA18582,X,2490,2199,12859,11929,11935,29347
CHB,NA18591,X,2481,2175,13096,11692,11772,29356
CHB,NA18592,X,2573,2246,12992,11796,12023,29264
CHB,NA18593,X,2598,2223,12873,11915,12141,29239
CHB,NA18595,X,2302,2290,13157,11631,12118,29535
CHB,NA18596,X,2423,2229,13070,11718,12073,29414
CHB,NA18597,X,2522,2328,12863,11925,12105,29315
CHB,NA18599,X,2477,2219,13186,11602,11952,29360
CHB,NA18602,X,2407,2226,13098,11690,11837,29430
CHB,NA18603,X,2628,2084,13019,11769,11516,29209
CHB,NA18605,X,2626,2323,12736,12052,12206,29211
CHB,NA18606,X,2520,2144,13122,11666,11722,29317
CHB,NA18608,X,2549,2161,12911,11877,11892,29288
CHB,NA18609,X,2472,2148,13183,11605,11617,29365
CHB,NA18610,X,2404,2199,13160,11628,11803,29433
CHB,NA18611,X,2454,2328,13019,11769,11904,29383
CHB,NA18612,X,2502,2329,12940,11848,11986,29335
CHB,NA18613,X,2420,2277,12878,11910,12000,29417
CHB,NA18614,X,2518,2172,12997,11791,11868,29319
CHB,NA18615,X,2429,2261,13102,11686,12069,29408
CHB,NA18616,X,2456,2144,13297,11491,11689,29381
CHB,NA18617,X,2561,2177,12840,11948,12012,29276
CHB,NA18618,X,2387,2313,13031,11757,12005,29450
CHB,NA18619,X,2568,2244,13103,11685,11766,29269
CHB,NA18620,X,2462,2197,12979,11809,11924,29375
CHB,NA18621,X,2466,2154,13138,11650,11800,29371
CHB,NA18622,X,2495,2132,13011,11777,11954,29342
CHB,NA18623,X,2505,2256,12839,11949,12146,29332
CHB,NA18624,X,2388,2322,12969,11819,12144,29449
CHB,NA18625,X,2572,2248,12789,11999,12055,29265
CHB,NA18626,X,2459,2195,13131,11657,11812,29378
CHB,NA18627,X,2525,2132,13026,11762,11785,29312
CHB,NA18628,X,2536,2211,13012,11776,11970,29301
CHB,NA18629,X,2589,2181,12928,11860,11789,29248
CHB,NA18630,X,2403,2304,13001,11787,11860,29434
CHB,NA18631,X,2449,2264,12882,11906,12110,29388
CHB,NA18632,X,2571,2196,12901,11887,12055,29266
CHB,NA18633,X,2473,2203,13041,11747,11899,29364
CHB,NA18634,X,2388,2176,13072,11716,11751,29449
CHB,NA18635,X,2477,2183,13126,11662,11920,29360
CHB,NA18636,X,2479,2226,13055,11733,12021,29358
CHB,NA18637,X,2469,2320,12893,11895,12290,29368
CHB,NA18638,X,2515,2308,12920,11868,12255,29322
CHB,NA18639,X,2617,2237,12714,12074,12008,29220
CHB,NA18640,X,2458,2117,13219,11569,11644,29379
CHB,NA18641,X,2444,2217,13103,11685,11865,29393
CHB,NA18642,X,2518,2300,13025,11763,12123,29319
CHB,NA18643,X,2467,2173,13085,11703,11902,29370
CHB,NA18644,X,2452,2190,13093,11695,11847,29385
CHB,NA18645,X,2414,2344,13005,11783,12013,29423
CHB,NA18646,X,2501,2145,13010,11778,11974,29336
CHB,NA18647,X,2519,2148,12782,12006,11990,29318
CHB,NA18648,X,2464,2304,12890,11898,12097,29373
CHB,NA18740,X,2366,2159,13248,11540,11705,29471
CHB,NA18745,X,2480,2308,12913,11875,11802,29357
CHB,NA18747,X,2471,2168,13142,11646,11848,29366
CHB,NA18748,X,2477,2205,13026,11762,11994,29360
CHB,NA18749,X,2480,2183,13062,11726,11941,29357
CHB,NA18757,X,2399,2226,13102,11686,11966,29438
KHV,HG01595,X,2424,2193,13078,11710,11841,29413
KHV,HG01596,X,2373,2230,13050,11738,11781,29464
KHV,HG01597,X,2416,2253,13010,11778,12036,29421
KHV,HG01598,X,2526,2275,12897,11891,11958,29311
KHV,HG01599,X,2429,2265,13075,11713,11986,29408
KHV,HG01600,X,2457,2235,12999,11789,11912,29380
KHV,HG01840,X,2561,2276,12876,11912,12095,29276
KHV,HG01841,X,2408,2335,12913,11875,12188,29429
KHV,HG01842,X,2546,2210,13005,11783,11823,29291
KHV,HG01843,X,2394,2156,13303,11485,11817,29443
KHV,HG01844,X,2370,2188,13136,11652,11950,29467
KHV,HG01845,X,2494,2254,13066,11722,11866,29343
KHV,HG01846,X,2443,2226,13203,11585,11975,29394
KHV,HG01847,X,2549,2186,12958,11830,11893,29288
KHV,HG01848,X,2360,2241,13143,11645,11902,29477
KHV,HG01849,X,2493,2189,12902,11886,12232,29344
KHV,HG01850,X,2510,2232,13081,11707,11978,29327
KHV,HG01851,X,2449,2246,13058,11730,12006,29388
KHV,HG01852,X,2410,2329,12998,11790,12141,29427
KHV,HG01853,X,2393,2222,13156,11632,11933,29444
KHV,HG01855,X,2477,2207,13126,11662,12056,29360
KHV,HG01857,X,2544,2253,12730,12058,12294,29293
KHV,HG01858,X,2477,2132,13103,11685,11788,29360
KHV,HG01859,X,2337,2254,13235,11553,11907,29500
KHV,HG01860,X,2484,2143,13184,11604,11688,29353
KHV,HG01861,X,2463,2206,13063,11725,11965,29374
KHV,HG01862,X,2460,1993,13186,11602,11641,29377
KHV,HG01863,X,2470,2164,13030,11758,11820,29367
KHV,HG01864,X,2436,2206,12941,11847,11964,29401
KHV,HG01865,X,2504,2148,12850,11938,12006,29333
KHV,HG01866,X,2361,2110,13144,11644,11750,29476
KHV,HG01867,X,2485,2131,13020,11768,11850,29352
KHV,HG01868,X,2477,2181,13075,11713,11859,29360
KHV,HG01869,X,2374,2270,12983,11805,12158,29463
KHV,HG01870,X,2452,2241,13019,11769,12194,29385
KHV,HG01871,X,2517,2200,12929,11859,12045,29320
KHV,HG01872,X,2506,2216,12962,11826,12069,29331
KHV,HG01873,X,2545,2252,12798,11990,12237,29292
KHV,HG01874,X,2511,2224,12971,11817,12148,29326
KHV,HG01878,X,2457,2260,13009,11779,12165,29380
KHV,HG02016,X,2538,2189,12985,11803,11893,29299
KHV,HG02017,X,2420,2248,12958,11830,12199,29417
KHV,HG02019,X,2469,2221,13048,11740,11842,29368
KHV,HG02020,X,2474,2191,13011,11777,12031,29363
KHV,HG02023,X,2470,2177,13087,11701,11958,29367
KHV,HG02025,X,2474,2279,12954,11834,12141,29363
KHV,HG02026,X,2490,2192,13094,11694,11901,29347
KHV,HG02028,X,2326,2217,13404,11384,11743,29511
KHV,HG02029,X,2511,2221,13168,11620,11896,29326
KHV,HG02031,X,2588,2199,12940,11848,11804,29249
KHV,HG02032,X,2424,2284,13144,11644,12033,29413
KHV,HG02035,X,2426,2207,13102,11686,11976,29411
KHV,HG02040,X,2390,2269,13071,11717,12033,29447
KHV,HG02047,X,2466,2167,13200,11588,11749,29371
KHV,HG02048,X,2536,2169,13090,11698,11959,29301
KHV,HG02049,X,2472,2261,13070,11718,12041,29365
KHV,HG02050,X,2537,2259,12956,11832,11986,29300
KHV,HG02057,X,2537,2232,12977,11811,12042,29300
KHV,HG02058,X,2479,2304,12927,11861,12195,29358
KHV,HG02060,X,2495,2310,12818,11970,11971,29342
KHV,HG02061,X,2498,2283,12946,11842,12149,29339
KHV,HG02064,X,2508,2177,12950,11838,11984,29329
KHV,HG02067,X,2402,2244,13019,11769,12042,29435
KHV,HG02069,X,2397,2211,13223,11565,11983,29440
KHV,HG02070,X,2568,2104,12960,11828,11884,29269
KHV,HG02072,X,2521,2182,13008,11780,11863,29316
KHV,HG02073,X,2493,2275,12803,11985,12257,29344
KHV,HG02075,X,2477,2354,12950,11838,12041,29360
KHV,HG02076,X,2529,2273,12754,12034,12105,29308
KHV,HG02078,X,2521,2164,12889,11899,12232,29316
KHV,HG02079,X,2368,2211,13278,11510,11853,29469
KHV,HG02081,X,2533,2210,12912,11876,11968,29304
KHV,HG02082,X,2612,2264,12758,12030,12182,29225
KHV,HG02084,X,2441,2161,13117,11671,11805,29396
KHV,HG02085,X,2428,2118,13157,11631,11728,29409
KHV,HG02086,X,2420,2245,12956,11832,11979,29417
KHV,HG02087,X,2535,2286,13119,11669,11909,29302
KHV,HG02088,X,2406,2224,13102,11686,11748,29431
KHV,HG02113,X,2694,2161,12818,11970,11992,29143
KHV,HG02116,X,2450,2151,13179,11609,11762,29387
KHV,HG02121,X,2435,2285,13009,11779,11878,29402
KHV,HG02122,X,2445,2219,12852,11936,12140,29392
KHV,HG02127,X,2481,2293,12879,11909,12081,29356
KHV,HG02128,X,2510,2157,13050,11738,11978,29327
KHV,HG02130,X,2449,2121,13266,11522,11683,29388
KHV,HG02131,X,2361,2163,13168,11620,11830,29476
KHV,HG02133,X,2477,2222,12941,11847,12111,29360
KHV,HG02134,X,2453,2258,13059,11729,11885,29384
KHV,HG02136,X,2451,2281,12985,11803,12030,29386
KHV,HG02137,X,2487,2174,12933,11855,11916,29350
KHV,HG02138,X,2392,2172,13202,11586,11807,29445
KHV,HG02139,X,2508,2191,12974,11814,11892,29329
KHV,HG02140,X,2493,2177,13013,11775,11851,29344
KHV,HG02141,X,2426,2245,12875,11913,12195,29411
KHV,HG02142,X,2503,2295,12786,12002,12171,29334
KHV,HG02512,X,2479,2113,13053,11735,11708,29358
KHV,HG02513,X,2380,2303,12995,11793,12194,29457
KHV,HG02521,X,2380,2206,13100,11688,12088,29457
KHV,HG02522,X,2540,2313,12878,11910,12130,29297
CHS,HG00403,X,2576,2177,12964,11824,11695,29261
CHS,HG00404,X,2470,2156,12964,11824,11909,29367
CHS,HG00406,X,2470,2136,13073,11715,11821,29367
CHS,HG00407,X,2602,2245,12829,11959,12156,29235
CHS,HG00409,X,2356,2298,12936,11852,12187,29481
CHS,HG00410,X,2381,2254,13072,11716,11997,29456
CHS,HG00419,X,2458,2218,12951,11837,12207,29379
CHS,HG00421,X,2417,2197,13340,11448,11733,29420
CHS,HG00422,X,2427,2175,13032,11756,11934,29410
CHS,HG00428,X,2524,2257,13016,11772,12034,29313
CHS,HG00436,X,2355,2159,13217,11571,11653,29482
CHS,HG00437,X,2471,2248,13046,11742,11890,29366
CHS,HG00442,X,2447,2068,13247,11541,11624,29390
CHS,HG00443,X,2519,2067,13020,11768,11757,29318
CHS,HG00445,X,2379,2179,13070,11718,12112,29458
CHS,HG00446,X,2515,2237,12998,11790,11970,29322
CHS,HG00448,X,2424,2127,13318,11470,11667,29413
CHS,HG00449,X,2588,2311,12636,12152,12206,29249
CHS,HG00451,X,2485,2175,13007,11781,11949,29352
CHS,HG00452,X,2473,2235,12921,11867,12134,29364
CHS,HG00457,X,2345,2169,13195,11593,11846,29492
CHS,HG00458,X,2474,2256,12958,11830,12037,29363
CHS,HG00463,X,2643,2119,12867,11921,11690,29194
CHS,HG00464,X,2496,2105,13084,11704,11646,29341
CHS,HG00472,X,2527,2185,12958,11830,11960,29310
CHS,HG00473,X,2458,2314,13073,11715,12044,29379
CHS,HG00475,X,2395,2203,13140,11648,12159,29442
CHS,HG00476,X,2536,2182,13048,11740,11986,29301
CHS,HG00478,X,2376,2137,13226,11562,11637,29461
CHS,HG00479,X,2369,2197,13200,11588,11862,29468
CHS,HG00500,X,2351,2223,13362,11426,11676,29486
CHS,HG00513,X,2528,2216,12877,11911,11914,29309
CHS,HG00524,X,2404,2173,13139,11649,11639,29433
CHS,HG00525,X,2421,2263,13119,11669,12134,29416
CHS,HG00530,X,2431,2209,13151,11637,11750,29406
CHS,HG00531,X,2460,2168,13115,11673,11644,29377
CHS,HG00533,X,2422,2234,13131,11657,11871,29415
CHS,HG00534,X,2528,2274,12925,11863,12019,29309
CHS,HG00536,X,2535,2201,12835,11953,12145,29302
CHS,HG00537,X,2508,2220,12873,11915,11788,29329
CHS,HG00542,X,2546,2171,13175,11613,11705,29291
CHS,HG00543,X,2504,2295,12969,11819,12054,29333
CHS,HG00556,X,2478,2277,13089,11699,11914,29359
CHS,HG00557,X,2397,2158,13318,11470,11678,29440
CHS,HG00559,X,2463,2197,13147,11641,11869,29374
CHS,HG00560,X,2480,2151,13295,11493,11438,29357
CHS,HG00565,X,2472,2131,13072,11716,11834,29365
CHS,HG00566,X,2468,2197,13101,11687,11901,29369
CHS,HG00580,X,2465,2354,12955,11833,11975,29372
CHS,HG00581,X,2398,2197,13273,11515,11717,29439
CHS,HG00583,X,2469,2256,12906,11882,11963,29368
CHS,HG00584,X,2408,2232,13205,11583,11778,29429
CHS,HG00589,X,2332,2128,13254,11534,11649,29505
CHS,HG00590,X,2403,2250,13019,11769,11882,29434
CHS,HG00592,X,2468,2228,12954,11834,11961,29369
CHS,HG00593,X,2355,2192,13202,11586,11975,29482
CHS,HG00595,X,2397,2173,13060,11728,11929,29440
CHS,HG00596,X,2513,2205,12899,11889,11745,29324
CHS,HG00598,X,2520,2192,12938,11850,12124,29317
CHS,HG00599,X,2495,2217,12767,12021,12293,29342
CHS,HG00607,X,2463,2183,13028,11760,11995,29374
CHS,HG00608,X,2422,2143,13100,11688,11739,29415
CHS,HG00610,X,2512,2333,12838,11950,12169,29325
CHS,HG00611,X,2419,2208,13087,11701,11579,29418
CHS,HG00613,X,2317,2273,13168,11620,11746,29520
CHS,HG00614,X,2475,2233,12995,11793,11968,29362
CHS,HG00619,X,2398,2143,13079,11709,11709,29439
CHS,HG00620,X,2472,2356,12890,11898,12242,29365
CHS,HG00622,X,2441,2167,13069,11719,11913,29396
CHS,HG00623,X,2426,2221,13069,11719,12066,29411
CHS,HG00625,X,2642,2311,12717,12071,12023,29195
CHS,HG00626,X,2564,2271,12877,11911,11885,29273
CHS,HG00628,X,2461,2184,13019,11769,11756,29376
CHS,HG00629,X,2466,2148,13137,11651,11527,29371
CHS,HG00631,X,2507,2260,12909,11879,11983,29330
CHS,HG00632,X,2519,2179,12978,11810,11976,29318
CHS,HG00634,X,2452,2234,13093,11695,11732,29385
CHS,HG00650,X,2445,2159,13036,11752,11840,29392
CHS,HG00651,X,2343,2186,13259,11529,11711,29494
CHS,HG00653,X,2507,2163,13061,11727,11678,29330
CHS,HG00654,X,2399,2275,13048,11740,12019,29438
CHS,HG00656,X,2621,2232,12748,12040,11985,29216
CHS,HG00657,X,2429,2130,13291,11497,11631,29408
CHS,HG00662,X,2480,2231,12949,11839,11956,29357
CHS,HG00663,X,2496,2164,13089,11699,11737,29341
CHS,HG00671,X,2555,2226,12954,11834,12066,29282
CHS,HG00672,X,2403,2185,13162,11626,11874,29434
CHS,HG00674,X,2609,2176,12708,12080,12041,29228
CHS,HG00675,X,2415,2215,12937,11851,12370,29422
CHS,HG00683,X,2561,2233,12950,11838,11843,29276
CHS,HG00684,X,2550,2250,12913,11875,11960,29287
CHS,HG00689,X,2345,2189,13243,11545,11829,29492
CHS,HG00690,X,2485,2316,13006,11782,11900,29352
CHS,HG00692,X,2385,2144,13231,11557,11712,29452
CHS,HG00693,X,2476,2299,12884,11904,12013,29361
CHS,HG00698,X,2546,2223,12915,11873,11894,29291
CHS,HG00699,X,2465,2156,13130,11658,11674,29372
CHS,HG00701,X,2315,2085,13389,11399,11573,29522
CHS,HG00704,X,2368,2244,13004,11784,11863,29469
CHS,HG00705,X,2405,2154,13244,11544,11701,29432
CHS,HG00707,X,2501,2232,13041,11747,11662,29336
CHS,HG00708,X,2436,2316,13021,11767,12115,29401
CHS,HG00717,X,2560,2145,13017,11771,11791,29277
CHS,HG00728,X,2399,2137,13412,11376,11722,29438
CHS,HG00729,X,2572,2203,12875,11913,12068,29265
JPT,NA18939,X,2568,2237,12978,11810,12018,29269
JPT,NA18940,X,2470,2172,13013,11775,11913,29367
JPT,NA18941,X,2556,2257,12801,11987,11991,29281
JPT,NA18942,X,2396,2289,13081,11707,12012,29441
JPT,NA18943,X,2469,2194,12943,11845,11838,29368
JPT,NA18944,X,2513,2214,12923,11865,11974,29324
JPT,NA18945,X,2417,2134,13061,11727,11932,29420
JPT,NA18946,X,2496,2270,12931,11857,12322,29341
JPT,NA18947,X,2403,2246,12975,11813,12082,29434
JPT,NA18948,X,2459,2213,13047,11741,11894,29378
JPT,NA18949,X,2541,2288,12845,11943,12166,29296
JPT,NA18950,X,2504,2170,13000,11788,11852,29333
JPT,NA18951,X,2431,2241,13178,11610,11829,29406
JPT,NA18952,X,2477,2261,12836,11952,12162,29360
JPT,NA18953,X,2521,2316,12885,11903,12098,29316
JPT,NA18954,X,2422,2221,13033,11755,11707,29415
JPT,NA18956,X,2491,2196,12896,11892,11979,29346
JPT,NA18957,X,2515,2173,12910,11878,12072,29322
JPT,NA18959,X,2443,2186,13068,11720,11909,29394
JPT,NA18960,X,2476,2174,12903,11885,11918,29361
JPT,NA18961,X,2566,2173,12898,11890,12032,29271
JPT,NA18962,X,2433,2253,12956,11832,12053,29404
JPT,NA18963,X,2449,2213,13056,11732,11843,29388
JPT,NA18964,X,2406,2308,12928,11860,11973,29431
JPT,NA18965,X,2385,2214,13035,11753,11913,29452
JPT,NA18966,X,2406,2303,12895,11893,12194,29431
JPT,NA18967,X,2499,2324,12847,11941,12108,29338
JPT,NA18968,X,2389,2187,12980,11808,12146,29448
JPT,NA18969,X,2446,2228,13104,11684,11813,29391
JPT,NA18970,X,2610,2198,12834,11954,11839,29227
JPT,NA18971,X,2423,2279,12997,11791,12117,29414
JPT,NA18972,X,2464,2238,12889,11899,12092,29373
JPT,NA18973,X,2496,2247,12912,11876,12157,29341
JPT,NA18974,X,2495,2256,12944,11844,11904,29342
JPT,NA18975,X,2473,2313,13010,11778,12169,29364
JPT,NA18976,X,2468,2263,12950,11838,12088,29369
JPT,NA18977,X,2547,2246,12874,11914,12148,29290
JPT,NA18978,X,2471,2159,13064,11724,11936,29366
JPT,NA18979,X,2516,2325,12725,12063,12313,29321
JPT,NA18980,X,2397,2229,12980,11808,12011,29440
JPT,NA18981,X,2644,2316,12504,12284,12355,29193
JPT,NA18982,X,2485,2261,13047,11741,11851,29352
JPT,NA18983,X,2487,2259,12825,11963,12184,29350
JPT,NA18984,X,2462,2337,12925,11863,12176,29375
JPT,NA18985,X,2372,2175,13057,11731,11752,29465
JPT,NA18986,X,2474,2136,13088,11700,11942,29363
JPT,NA18987,X,2380,2170,13144,11644,11788,29457
JPT,NA18988,X,2400,2248,13107,11681,12048,29437
JPT,NA18989,X,2414,2220,13047,11741,12146,29423
JPT,NA18990,X,2475,2217,12906,11882,11927,29362
JPT,NA18991,X,2430,2200,13018,11770,12025,29407
JPT,NA18992,X,2467,2236,12924,11864,11894,29370
JPT,NA18993,X,2556,2273,12675,12113,12382,29281
JPT,NA18994,X,2508,2291,12780,12008,12223,29329
JPT,NA18995,X,2453,2335,12981,11807,12109,29384
JPT,NA18997,X,2443,2200,13089,11699,11952,29394
JPT,NA18998,X,2423,2285,12886,11902,12279,29414
JPT,NA18999,X,2511,2074,13033,11755,11859,29326
JPT,NA19000,X,2558,2196,12807,11981,12134,29279
JPT,NA19001,X,2393,2211,13183,11605,11831,29444
JPT,NA19002,X,2445,2309,12965,11823,11959,29392
JPT,NA19003,X,2457,2288,12826,11962,12202,29380
JPT,NA19004,X,2490,2203,12947,11841,12082,29347
JPT,NA19005,X,2505,2252,12774,12014,12081,29332
JPT,NA19006,X,2550,2284,12664,12124,12385,29287
JPT,NA19007,X,2436,2210,12925,11863,12058,29401
JPT,NA19009,X,2419,2323,13076,11712,11799,29418
JPT,NA19010,X,2461,2242,12924,11864,12129,29376
JPT,NA19011,X,2435,2288,12947,11841,12278,29402
JPT,NA19012,X,2491,2305,13074,11714,11988,29346
JPT,NA19054,X,2576,2105,12914,11874,11910,29261
JPT,NA19055,X,2448,2234,12894,11894,12045,29389
JPT,NA19056,X,2614,2262,12788,12000,12221,29223
JPT,NA19057,X,2420,2229,13082,11706,11910,29417
JPT,NA19058,X,2452,2242,13024,11764,11929,29385
JPT,NA19059,X,2422,2147,13304,11484,11578,29415
JPT,NA19060,X,2460,2249,12998,11790,12024,29377
JPT,NA19062,X,2514,2259,12909,11879,11916,29323
JPT,NA19063,X,2618,2251,12680,12108,12101,29219
JPT,NA19064,X,2563,2230,12941,11847,11925,29274
JPT,NA19065,X,2408,2237,13204,11584,12001,29429
JPT,NA19066,X,2495,2240,12969,11819,12055,29342
JPT,NA19067,X,2453,2297,13006,11782,12078,29384
JPT,NA19068,X,2542,2287,12888,11900,12291,29295
JPT,NA19070,X,2526,2247,12869,11919,12036,29311
JPT,NA19072,X,2493,2207,12913,11875,12001,29344
JPT,NA19074,X,2441,2194,13060,11728,11875,29396
JPT,NA19075,X,2582,2257,12778,12010,12205,29255
JPT,NA19076,X,2422,2292,12887,11901,12144,29415
JPT,NA19077,X,2401,2205,13172,11616,11782,29436
JPT,NA19078,X,2428,2241,13022,11766,12083,29409
JPT,NA19079,X,2434,2172,13016,11772,11906,29403
JPT,NA19080,X,2634,2278,12684,12104,11957,29203
JPT,NA19081,X,2452,2175,13035,11753,11805,29385
JPT,NA19082,X,2511,2204,12865,11923,12020,29326
JPT,NA19083,X,2507,2132,12940,11848,12087,29330
JPT,NA19084,X,2544,2136,12960,11828,11844,29293
JPT,NA19085,X,2591,2243,12806,11982,12092,29246
JPT,NA19086,X,2418,2207,13133,11655,11947,29419
JPT,NA19087,X,2504,2200,13024,11764,11922,29333
JPT,NA19088,X,2483,2318,12982,11806,11977,29354
JPT,NA19089,X,2557,2205,12869,11919,12023,29280
JPT,NA19090,X,2611,2156,12892,11896,11929,29226
JPT,NA19091,X,2450,2339,13018,11770,11988,29387
CDX,HG00759,X,2520,2072,13398,11390,11371,29317
CDX,HG00766,X,2348,2270,13071,11717,12069,29489
CDX,HG00844,X,2464,2188,13028,11760,11835,29373
CDX,HG00851,X,2500,2253,12987,11801,11913,29337
CDX,HG00864,X,2349,2196,13228,11560,11725,29488
CDX,HG00867,X,2446,2295,12961,11827,12040,29391
CDX,HG00879,X,2426,2188,13132,11656,11675,29411
CDX,HG00881,X,2423,2157,13241,11547,11670,29414
CDX,HG00956,X,2502,2198,13063,11725,11894,29335
CDX,HG00978,X,2464,2283,12909,11879,11978,29373
CDX,HG00982,X,2586,2199,12994,11794,11955,29251
CDX,HG01028,X,2440,2201,13046,11742,12054,29397
CDX,HG01029,X,2309,2226,13212,11576,11919,29528
CDX,HG01031,X,2412,2152,13310,11478,11608,29425
CDX,HG01046,X,2489,2211,12904,11884,12073,29348
CDX,HG01794,X,2458,2233,13210,11578,11617,29379
CDX,HG01795,X,2528,2076,13269,11519,11468,29309
CDX,HG01796,X,2353,2272,13134,11654,11994,29484
CDX,HG01797,X,2429,2222,13158,11630,12004,29408
CDX,HG01798,X,2504,2118,13058,11730,11686,29333
CDX,HG01799,X,2424,2185,13096,11692,11950,29413
CDX,HG01800,X,2523,2169,13104,11684,11825,29314
CDX,HG01801,X,2367,2099,13250,11538,11760,29470
CDX,HG01802,X,2496,2139,13148,11640,11768,29341
CDX,HG01804,X,2342,2116,13395,11393,11594,29495
CDX,HG01805,X,2474,2121,13104,11684,11864,29363
CDX,HG01806,X,2352,2285,13007,11781,11929,29485
CDX,HG01807,X,2575,2148,12924,11864,11992,29262
CDX,HG01808,X,2471,2111,12885,11903,11963,29366
CDX,HG01809,X,2440,2268,12956,11832,12094,29397
CDX,HG01810,X,2431,2207,13085,11703,11954,29406
CDX,HG01811,X,2397,2169,13096,11692,11954,29440
CDX,HG01812,X,2491,2235,12974,11814,11949,29346
CDX,HG01813,X,2513,2269,12960,11828,12064,29324
CDX,HG01815,X,2497,2236,13012,11776,11961,29340
CDX,HG01816,X,2453,2176,13072,11716,11951,29384
CDX,HG01817,X,2525,2201,13074,11714,11895,29312
CDX,HG02151,X,2408,2158,13121,11667,12001,29429
CDX,HG02152,X,2663,2173,12932,11856,11773,29174
CDX,HG02153,X,2360,2180,13157,11631,11496,29477
CDX,HG02154,X,2550,2213,12786,12002,11965,29287
CDX,HG02155,X,2650,2172,12839,11949,11842,29187
CDX,HG02156,X,2560,2046,13145,11643,11531,29277
CDX,HG02164,X,2423,2148,13270,11518,11691,29414
CDX,HG02165,X,2535,2295,13025,11763,11915,29302
CDX,HG02166,X,2487,2204,13101,11687,11772,29350
CDX,HG02178,X,2370,2214,13140,11648,11731,29467
CDX,HG02179,X,2461,2194,12937,11851,11914,29376
CDX,HG02180,X,2480,2244,13219,11569,11630,29357
CDX,HG02181,X,2352,2139,13334,11454,11657,29485
CDX,HG02182,X,2573,2189,12983,11805,11800,29264
CDX,HG02184,X,2364,2241,13151,11637,11879,29473
CDX,HG02185,X,2561,2247,12904,11884,11800,29276
CDX,HG02186,X,2339,2183,13142,11646,11857,29498
CDX,HG02187,X,2467,2216,13063,11725,11838,29370
CDX,HG02188,X,2440,2247,13063,11725,11759,29397
CDX,HG02190,X,2458,2210,13120,11668,11728,29379
CDX,HG02250,X,2364,2265,13032,11756,12070,29473
CDX,HG02351,X,2396,2308,13064,11724,11826,29441
CDX,HG02353,X,2490,2284,12958,11830,12060,29347
CDX,HG02355,X,2693,2128,13052,11736,11648,29144
CDX,HG02356,X,2598,2253,12908,11880,11972,29239
CDX,HG02360,X,2368,2175,13132,11656,11926,29469
CDX,HG02364,X,2458,2157,13173,11615,11744,29379
CDX,HG02367,X,2531,2206,13019,11769,11616,29306
CDX,HG02371,X,2335,2170,13330,11458,11674,29502
CDX,HG02373,X,2502,2215,13065,11723,11821,29335
CDX,HG02374,X,2632,2200,12872,11916,11781,29205
CDX,HG02375,X,2430,2094,13194,11594,11714,29407
CDX,HG02379,X,2581,2234,12915,11873,11925,29256
CDX,HG02380,X,2479,2271,13008,11780,11858,29358
CDX,HG02382,X,2491,2245,12983,11805,11960,29346
CDX,HG02383,X,2393,2251,12943,11845,12117,29444
CDX,HG02384,X,2552,2082,12973,11815,11714,29285
CDX,HG02385,X,2493,2335,12844,11944,12311,29344
CDX,HG02386,X,2572,2154,13100,11688,11816,29265
CDX,HG02389,X,2518,2134,13055,11733,11798,29319
CDX,HG02390,X,2438,2272,12950,11838,12164,29399
CDX,HG02391,X,2414,2241,13125,11663,11878,29423
CDX,HG02392,X,2403,2211,13147,11641,11876,29434
CDX,HG02394,X,2640,2180,12907,11881,11794,29197
CDX,HG02395,X,2553,2166,13009,11779,11754,29284
CDX,HG02396,X,2484,2196,12942,11846,12069,29353
CDX,HG02397,X,2596,2192,12776,12012,12075,29241
CDX,HG02398,X,2517,2210,13008,11780,11864,29320
CDX,HG02399,X,2465,2160,12978,11810,11954,29372
CDX,HG02401,X,2514,2232,12835,11953,12156,29323
CDX,HG02402,X,2597,2163,13003,11785,11657,29240
CDX,HG02406,X,2512,2174,12921,11867,12048,29325
CDX,HG02407,X,2457,2217,13025,11763,11952,29380
CDX,HG02408,X,2532,2143,13069,11719,11900,29305
CDX,HG02409,X,2397,2197,13116,11672,11937,29440
CDX,HG02410,X,2461,2260,12836,11952,11981,29376
PEL,HG01565,X,2533,2165,13078,11710,11740,29304
PEL,HG01566,X,2438,2205,12824,11964,12271,29399
PEL,HG01571,X,2444,2364,12902,11886,12254,29393
PEL,HG01572,X,2416,2178,13300,11488,11723,29421
PEL,HG01577,X,2416,2200,13192,11596,11951,29421
PEL,HG01578,X,2419,2261,13064,11724,11985,29418
PEL,HG01892,X,2543,2377,12637,12151,12162,29294
PEL,HG01893,X,2525,2140,13181,11607,11919,29312
PEL,HG01917,X,2477,2258,13035,11753,12067,29360
PEL,HG01918,X,2320,2187,13444,11344,11848,29517
PEL,HG01920,X,2554,2104,13200,11588,11637,29283
PEL,HG01921,X,2536,2215,12829,11959,12132,29301
PEL,HG01923,X,2467,2221,13059,11729,12017,29370
PEL,HG01924,X,2299,2251,13301,11487,11815,29538
PEL,HG01926,X,2556,2235,13064,11724,11916,29281
PEL,HG01927,X,2518,2144,13190,11598,11718,29319
PEL,HG01932,X,2418,2202,13072,11716,11729,29419
PEL,HG01933,X,2486,2216,13064,11724,11729,29351
PEL,HG01935,X,2521,2265,12969,11819,12070,29316
PEL,HG01936,X,2530,2283,12877,11911,12009,29307
PEL,HG01938,X,2594,2256,12866,11922,12185,29243
PEL,HG01939,X,2491,2276,13084,11704,11863,29346
PEL,HG01941,X,2513,2245,12927,11861,11940,29324
PEL,HG01942,X,2379,2141,13307,11481,11794,29458
PEL,HG01944,X,2480,2250,13100,11688,11930,29357
PEL,HG01945,X,2411,2201,13140,11648,11865,29426
PEL,HG01947,X,2437,2293,12960,11828,12183,29400
PEL,HG01948,X,2424,2202,13240,11548,11671,29413
PEL,HG01950,X,2451,2194,13348,11440,11926,29386
PEL,HG01951,X,2531,2141,13095,11693,11813,29306
PEL,HG01953,X,2495,2203,13001,11787,12103,29342
PEL,HG01954,X,2520,2162,13223,11565,11755,29317
PEL,HG01961,X,2496,2170,13232,11556,11610,29341
PEL,HG01965,X,2630,2053,13186,11602,11537,29207
PEL,HG01967,X,2573,2360,12808,11980,12447,29264
PEL,HG01968,X,2480,2196,13064,11724,12085,29357
PEL,HG01970,X,2547,2101,13266,11522,11610,29290
PEL,HG01971,X,2548,2157,12742,12046,12199,29289
PEL,HG01973,X,2432,2178,12951,11837,11939,29405
PEL,HG01974,X,2551,2172,12846,11942,12077,29286
PEL,HG01976,X,2419,2166,13183,11605,11799,29418
PEL,HG01977,X,2470,2118,13237,11551,11649,29367
PEL,HG01979,X,2458,2194,13142,11646,11998,29379
PEL,HG01980,X,2532,2048,13048,11740,11850,29305
PEL,HG01982,X,2396,2213,13178,11610,11969,29441
PEL,HG01991,X,2483,2151,13191,11597,12035,29354
PEL,HG01992,X,2416,2171,13275,11513,11740,29421
PEL,HG01997,X,2503,2107,13257,11531,11641,29334
PEL,HG02002,X,2395,2248,13226,11562,11914,29442
PEL,HG02003,X,2409,2292,13114,11674,11889,29428
PEL,HG02006,X,2364,2300,12896,11892,11982,29473
PEL,HG02008,X,2544,2200,12999,11789,11845,29293
PEL,HG02089,X,2403,2140,13122,11666,11959,29434
PEL,HG02090,X,2530,2312,12801,11987,12094,29307
PEL,HG02102,X,2497,2199,13130,11658,11963,29340
PEL,HG02104,X,2534,2208,13001,11787,11897,29303
PEL,HG02105,X,2397,2213,12963,11825,11946,29440
PEL,HG02146,X,2482,2155,13138,11650,11776,29355
PEL,HG02147,X,2509,2286,12842,11946,12112,29328
PEL,HG02150,X,2504,2285,13142,11646,11987,29333
PEL,HG02252,X,2552,2317,12820,11968,11989,29285
PEL,HG02253,X,2394,2094,13352,11436,11559,29443
PEL,HG02259,X,2404,2177,13262,11526,11822,29433
PEL,HG02260,X,2517,2203,12876,11912,12087,29320
PEL,HG02262,X,2608,2281,12668,12120,12306,29229
PEL,HG02265,X,2512,2171,12941,11847,11995,29325
PEL,HG02266,X,2511,2202,13033,11755,11937,29326
PEL,HG02271,X,2474,2233,12890,11898,12055,29363
PEL,HG02272,X,2441,2228,13090,11698,12061,29396
PEL,HG02274,X,2357,2236,13365,11423,11626,29480
PEL,HG02275,X,2599,2263,12925,11863,11913,29238
PEL,HG02277,X,2513,2190,12865,11923,12027,29324
PEL,HG02278,X,2532,2213,12924,11864,11947,29305
PEL,HG02285,X,2455,2210,13176,11612,11948,29382
PEL,HG02286,X,2455,2226,13126,11662,11980,29382
PEL,HG02291,X,2432,2275,13058,11730,11889,29405
PEL,HG02292,X,2413,2299,13172,11616,11994,29424
PEL,HG02298,X,2549,2274,12927,11861,12016,29288
PEL,HG02299,X,2491,2249,12928,11860,11952,29346
PEL,HG02301,X,2397,2253,13050,11738,12080,29440
PEL,HG02304,X,2433,2142,13105,11683,11931,29404
PEL,HG02312,X,2460,2256,12913,11875,12227,29377
PEL,HG02345,X,2462,2191,13192,11596,11785,29375
PEL,HG02348,X,2464,2280,12918,11870,12028,29373
PEL,HG02425,X,2400,2183,13389,11399,11693,29437
MXL,NA19648,X,2601,2280,12861,11927,12286,29236
MXL,NA19649,X,2613,2100,13024,11764,11985,29224
MXL,NA19651,X,2449,2202,13073,11715,11976,29388
MXL,NA19652,X,2450,2181,13193,11595,12059,29387
MXL,NA19654,X,2426,2084,13489,11299,11692,29411
MXL,NA19655,X,2492,2211,12984,11804,12167,29345
MXL,NA19657,X,2366,2240,12818,11970,12218,29471
MXL,NA19658,X,2539,2212,12882,11906,12346,29298
MXL,NA19661,X,2433,2185,13050,11738,12088,29404
MXL,NA19663,X,2454,2198,13262,11526,11844,29383
MXL,NA19664,X,2339,2207,13158,11630,12068,29498
MXL,NA19669,X,2407,2223,13180,11608,12070,29430
MXL,NA19670,X,2517,2226,12934,11854,12039,29320
MXL,NA19676,X,2463,2209,13048,11740,11842,29374
MXL,NA19678,X,2486,2113,13117,11671,11770,29351
MXL,NA19679,X,2521,2214,12711,12077,12347,29316
MXL,NA19681,X,2530,2307,13121,11667,11814,29307
MXL,NA19682,X,2567,2157,12900,11888,11975,29270
MXL,NA19684,X,2610,2217,12919,11869,12146,29227
MXL,NA19716,X,2475,2149,13336,11452,11589,29362
MXL,NA19717,X,2634,2267,12914,11874,12115,29203
MXL,NA19719,X,2515,2102,13119,11669,11896,29322
MXL,NA19720,X,2439,2202,12999,11789,12000,29398
MXL,NA19722,X,2409,2165,13075,11713,12009,29428
MXL,NA19723,X,2374,2147,13390,11398,11725,29463
MXL,NA19725,X,2464,2128,13103,11685,11947,29373
MXL,NA19726,X,2429,2183,13261,11527,11617,29408
MXL,NA19728,X,2330,2209,13274,11514,11821,29507
MXL,NA19729,X,2411,2226,13128,11660,11996,29426
MXL,NA19731,X,2438,2217,13249,11539,11756,29399
MXL,NA19732,X,2493,2272,12986,11802,12016,29344
MXL,NA19734,X,2523,2200,12992,11796,11996,29314
MXL,NA19735,X,2548,2292,12853,11935,12149,29289
MXL,NA19740,X,2345,2195,13318,11470,11622,29492
MXL,NA19741,X,2476,2296,13172,11616,11938,29361
MXL,NA19746,X,2397,2282,13062,11726,11937,29440
MXL,NA19747,X,2487,2180,12889,11899,12082,29350
MXL,NA19749,X,2542,2093,13072,11716,11954,29295
MXL,NA19750,X,2435,2216,13033,11755,12075,29402
MXL,NA19752,X,2551,2180,12998,11790,11850,29286
MXL,NA19755,X,2487,2180,13148,11640,11852,29350
MXL,NA19756,X,2519,2193,13167,11621,11779,29318
MXL,NA19758,X,2510,2135,12860,11928,12079,29327
MXL,NA19759,X,2544,2163,13012,11776,12054,29293
MXL,NA19761,X,2411,2171,13048,11740,12046,29426
MXL,NA19762,X,2411,2211,13257,11531,11755,29426
MXL,NA19764,X,2552,2308,12959,11829,12229,29285
MXL,NA19770,X,2454,2295,12969,11819,11789,29383
MXL,NA19771,X,2484,2066,13148,11640,11770,29353
MXL,NA19773,X,2382,2205,13327,11461,11734,29455
MXL,NA19774,X,2494,2205,13135,11653,11920,29343
MXL,NA19776,X,2491,2239,13036,11752,12159,29346
MXL,NA19777,X,2372,2265,13081,11707,11985,29465
MXL,NA19779,X,2515,2207,13011,11777,12016,29322
MXL,NA19780,X,2538,2364,12821,11967,12647,29299
MXL,NA19782,X,2450,2240,12980,11808,12227,29387
MXL,NA19783,X,2446,2207,13166,11622,12054,29391
MXL,NA19785,X,2441,2095,13173,11615,11741,29396
MXL,NA19786,X,2514,2216,13127,11661,11801,29323
MXL,NA19788,X,2459,2182,13015,11773,12046,29378
MXL,NA19789,X,2464,2136,13126,11662,11839,29373
MXL,NA19792,X,2464,2095,13049,11739,11835,29373
MXL,NA19794,X,2493,2269,12997,11791,12011,29344
MXL,NA19795,X,2645,2124,12840,11948,12077,29192
CLM,HG01112,X,2375,2194,13309,11479,11823,29462
CLM,HG01113,X,2505,2198,13056,11732,12014,29332
CLM,HG01119,X,2497,2169,12896,11892,12109,29340
CLM,HG01121,X,2446,2221,12914,11874,12059,29391
CLM,HG01122,X,2432,2154,13058,11730,12017,29405
CLM,HG01124,X,2325,2230,13459,11329,11983,29512
CLM,HG01125,X,2438,2136,13044,11744,12053,29399
CLM,HG01130,X,2451,2164,13167,11621,11783,29386
CLM,HG01131,X,2551,2227,12847,11941,12260,29286
CLM,HG01133,X,2522,2185,12939,11849,12186,29315
CLM,HG01134,X,2378,2186,13301,11487,11689,29459
CLM,HG01136,X,2458,2181,12980,11808,12012,29379
CLM,HG01137,X,2431,2176,13306,11482,11852,29406
CLM,HG01139,X,2623,2351,12859,11929,11681,29214
CLM,HG01140,X,2399,2228,13039,11749,12356,29438
CLM,HG01142,X,2397,2141,13151,11637,11871,29440
CLM,HG01148,X,2467,2175,13286,11502,11730,29370
CLM,HG01149,X,2541,2268,13078,11710,12274,29296
CLM,HG01250,X,2561,2281,13003,11785,12044,29276
CLM,HG01251,X,2395,2172,13206,11582,11927,29442
CLM,HG01253,X,2384,2143,13214,11574,11950,29453
CLM,HG01254,X,2425,2248,13047,11741,12114,29412
CLM,HG01256,X,2513,2231,12899,11889,12214,29324
CLM,HG01257,X,2446,2304,13059,11729,12107,29391
CLM,HG01259,X,2565,2196,12998,11790,12166,29272
CLM,HG01260,X,2454,2240,12997,11791,11983,29383
CLM,HG01269,X,2488,2287,12848,11940,12045,29349
CLM,HG01271,X,2520,2111,13070,11718,11870,29317
CLM,HG01272,X,2402,2254,13149,11639,11959,29435
CLM,HG01275,X,2500,2043,13234,11554,11818,29337
CLM,HG01277,X,2543,2203,12917,11871,11937,29294
CLM,HG01280,X,2436,2139,13005,11783,12014,29401
CLM,HG01281,X,2440,2183,13101,11687,12088,29397
CLM,HG01284,X,2451,2239,12822,11966,12321,29386
CLM,HG01341,X,2409,2207,13184,11604,11880,29428
CLM,HG01342,X,2451,2293,13249,11539,11583,29386
CLM,HG01344,X,2438,2224,13120,11668,12177,29399
CLM,HG01345,X,2608,2210,12741,12047,12159,29229
CLM,HG01348,X,2454,2306,13113,11675,12066,29383
CLM,HG01350,X,2405,2117,13191,11597,11933,29432
CLM,HG01351,X,2439,2134,13055,11733,12108,29398
CLM,HG01353,X,2432,2287,13017,11771,12073,29405
CLM,HG01354,X,2428,2138,13207,11581,11927,29409
CLM,HG01356,X,2501,2240,12944,11844,11988,29336
CLM,HG01357,X,2431,2077,13140,11648,11862,29406
CLM,HG01359,X,2520,2298,12968,11820,12127,29317
CLM,HG01360,X,2600,2219,12985,11803,11905,29237
CLM,HG01362,X,2416,2348,12900,11888,11876,29421
CLM,HG01363,X,2563,2361,12599,12189,12665,29274
CLM,HG01365,X,2609,2211,12642,12146,12238,29228
CLM,HG01366,X,2467,2212,13039,11749,11892,29370
CLM,HG01369,X,2435,2162,13024,11764,12078,29402
CLM,HG01372,X,2388,2087,13332,11456,11530,29449
CLM,HG01374,X,2395,2171,13069,11719,12042,29442
CLM,HG01375,X,2520,2132,12840,11948,11958,29317
CLM,HG01377,X,2355,2232,12957,11831,12234,29482
CLM,HG01378,X,2482,2184,12883,11905,12073,29355
CLM,HG01383,X,2388,2157,13223,11565,11977,29449
CLM,HG01384,X,2532,2230,12994,11794,12017,29305
CLM,HG01389,X,2457,2257,12893,11895,12331,29380
CLM,HG01390,X,2562,2208,12825,11963,11984,29275
CLM,HG01431,X,2353,2307,12929,11859,12195,29484
CLM,HG01432,X,2456,2307,12866,11922,12478,29381
CLM,HG01435,X,2421,2235,13030,11758,11960,29416
CLM,HG01437,X,2444,2130,13178,11610,11738,29393
CLM,HG01438,X,2463,2238,12989,11799,12336,29374
CLM,HG01440,X,2402,2219,13396,11392,11754,29435
CLM,HG01441,X,2384,2194,12990,11798,12041,29453
CLM,HG01443,X,2511,2155,12813,11975,12053,29326
CLM,HG01444,X,2534,2281,12945,11843,12059,29303
CLM,HG01447,X,2368,2180,13013,11775,12210,29469
CLM,HG01455,X,2487,2176,13039,11749,11966,29350
CLM,HG01456,X,2415,2140,13087,11701,11879,29422
CLM,HG01459,X,2511,2162,13120,11668,12080,29326
CLM,HG01461,X,2557,2281,12688,12100,12264,29280
CLM,HG01462,X,2345,2317,12959,11829,12127,29492
CLM,HG01464,X,2377,2244,13038,11750,12047,29460
CLM,HG01465,X,2480,2233,12987,11801,12315,29357
CLM,HG01468,X,2354,2212,13165,11623,12011,29483
CLM,HG01474,X,2568,2204,12905,11883,12113,29269
CLM,HG01479,X,2464,2168,13141,11647,11827,29373
CLM,HG01485,X,2447,2203,13292,11496,11725,29390
CLM,HG01486,X,2444,2222,13236,11552,12087,29393
CLM,HG01488,X,2346,2200,13136,11652,12046,29491
CLM,HG01489,X,2415,2232,13073,11715,12238,29422
CLM,HG01491,X,2486,2173,12966,11822,12069,29351
CLM,HG01492,X,2369,2100,13183,11605,12052,29468
CLM,HG01494,X,2544,2108,12988,11800,11850,29293
CLM,HG01495,X,2532,2294,12867,11921,12334,29305
CLM,HG01497,X,2499,2386,12862,11926,12033,29338
CLM,HG01498,X,2500,2214,13131,11657,12012,29337
CLM,HG01550,X,2568,2275,12920,11868,12242,29269
CLM,HG01551,X,2539,2258,12891,11897,12038,29298
CLM,HG01556,X,2394,2350,13196,11592,11832,29443
PUR,HG00551,X,2361,2111,13156,11632,11713,29476
PUR,HG00553,X,2463,2231,13029,11759,12007,29374
PUR,HG00554,X,2505,2369,12841,11947,12265,29332
PUR,HG00637,X,2533,2335,12800,11988,12300,29304
PUR,HG00638,X,2365,2301,13095,11693,11960,29472
PUR,HG00640,X,2534,2293,12948,11840,12048,29303
PUR,HG00641,X,2546,2223,12900,11888,12231,29291
PUR,HG00731,X,2433,2223,13086,11702,12163,29404
PUR,HG00732,X,2487,2209,12757,12031,12265,29350
PUR,HG00734,X,2593,2108,13088,11700,11929,29244
PUR,HG00736,X,2447,2153,12968,11820,12014,29390
PUR,HG00737,X,2523,2151,12995,11793,12109,29314
PUR,HG00739,X,2514,2229,12853,11935,12315,29323
PUR,HG00740,X,2523,2241,12868,11920,12242,29314
PUR,HG00742,X,2662,2349,12492,12296,12479,29175
PUR,HG00743,X,2324,2242,13085,11703,12169,29513
PUR,HG01047,X,2580,2089,13037,11751,11797,29257
PUR,HG01048,X,2425,2211,12850,11938,12341,29412
PUR,HG01049,X,2499,2338,12703,12085,12372,29338
PUR,HG01051,X,2473,2301,12850,11938,12200,29364
PUR,HG01052,X,2410,2298,13078,11710,11801,29427
PUR,HG01054,X,2565,2177,12838,11950,12114,29272
PUR,HG01055,X,2494,2099,13474,11314,11568,29343
PUR,HG01058,X,2494,2243,12997,11791,12171,29343
PUR,HG01060,X,2402,2231,13194,11594,11787,29435
PUR,HG01061,X,2533,2173,13069,11719,11934,29304
PUR,HG01063,X,2447,2279,13114,11674,11914,29390
PUR,HG01064,X,2578,2159,12871,11917,11985,29259
PUR,HG01066,X,2503,2331,12915,11873,12191,29334
PUR,HG01067,X,2462,2125,13039,11749,11959,29375
PUR,HG01069,X,2500,2228,13132,11656,12053,29337
PUR,HG01070,X,2537,2222,12846,11942,12260,29300
PUR,HG01072,X,2477,2173,12860,11928,12224,29360
PUR,HG01073,X,2562,2168,12836,11952,12151,29275
PUR,HG01075,X,2503,2184,12879,11909,12259,29334
PUR,HG01077,X,2404,2204,13171,11617,11889,29433
PUR,HG01079,X,2417,2261,13023,11765,11989,29420
PUR,HG01080,X,2517,2216,12829,11959,12174,29320
PUR,HG01082,X,2368,2136,13197,11591,11547,29469
PUR,HG01083,X,2472,2282,12889,11899,12068,29365
PUR,HG01085,X,2480,2263,13061,11727,12078,29357
PUR,HG01086,X,2458,2183,12917,11871,12403,29379
PUR,HG01088,X,2512,2194,12894,11894,12048,29325
PUR,HG01089,X,2498,2225,13084,11704,12005,29339
PUR,HG01092,X,2502,2148,12920,11868,11987,29335
PUR,HG01094,X,2474,2225,12885,11903,12062,29363
PUR,HG01095,X,2425,2117,13063,11725,12012,29412
PUR,HG01097,X,2396,2162,13398,11390,11674,29441
PUR,HG01098,X,2502,2151,13025,11763,11998,29335
PUR,HG01101,X,2384,2190,13378,11410,11655,29453
PUR,HG01102,X,2483,2202,13253,11535,11755,29354
PUR,HG01104,X,2616,2276,12815,11973,12471,29221
PUR,HG01105,X,2560,2185,12903,11885,12186,29277
PUR,HG01107,X,2584,2231,12981,11807,12140,29253
PUR,HG01108,X,2423,2306,13161,11627,11785,29414
PUR,HG01110,X,2539,2255,12685,12103,12181,29298
PUR,HG01111,X,2401,2154,13095,11693,11983,29436
PUR,HG01161,X,2501,2227,12983,11805,12069,29336
PUR,HG01162,X,2421,2209,12961,11827,12069,29416
PUR,HG01164,X,2461,2199,12814,11974,12138,29376
PUR,HG01167,X,2394,2202,13077,11711,11842,29443
PUR,HG01168,X,2521,2225,13017,11771,12117,29316
PUR,HG01170,X,2529,2210,13141,11647,11800,29308
PUR,HG01171,X,2573,2210,12854,11934,12172,29264
PUR,HG01173,X,2567,2230,12729,12059,12349,29270
PUR,HG01174,X,2495,2303,12814,11974,12422,29342
PUR,HG01176,X,2251,2128,13174,11614,11833,29586
PUR,HG01177,X,2490,2227,13060,11728,11969,29347
PUR,HG01182,X,2463,2173,13735,11053,11100,29374
PUR,HG01183,X,2378,2208,13132,11656,11960,29459
PUR,HG01187,X,2313,2227,13212,11576,11764,29524
PUR,HG01188,X,2407,2286,13046,11742,12264,29430
PUR,HG01190,X,2464,2284,13022,11766,12234,29373
PUR,HG01191,X,2473,2208,12947,11841,12238,29364
PUR,HG01197,X,2503,2196,12970,11818,11968,29334
PUR,HG01198,X,2511,2287,12976,11812,12224,29326
PUR,HG01200,X,2584,2271,12958,11830,12291,29253
PUR,HG01204,X,2561,2309,12726,12062,12402,29276
PUR,HG01205,X,2399,2182,13088,11700,12008,29438
PUR,HG01241,X,2570,2347,12524,12264,12048,29267
PUR,HG01242,X,2541,2310,12717,12071,12023,29296
PUR,HG01247,X,2589,2098,13024,11764,11964,29248
PUR,HG01248,X,2425,2214,12991,11797,12208,29412
PUR,HG01286,X,2481,2293,12744,12044,11956,29356
PUR,HG01302,X,2459,2271,12984,11804,12090,29378
PUR,HG01303,X,2487,2206,13162,11626,12070,29350
PUR,HG01305,X,2502,2165,13244,11544,11732,29335
PUR,HG01308,X,2377,2209,13254,11534,11968,29460
PUR,HG01311,X,2547,2284,12752,12036,12297,29290
PUR,HG01312,X,2332,2299,13281,11507,11796,29505
PUR,HG01323,X,2398,2162,13134,11654,11869,29439
PUR,HG01325,X,2380,2129,13024,11764,12182,29457
PUR,HG01326,X,2347,2197,13168,11620,11883,29490
PUR,HG01392,X,2420,2231,13086,11702,12186,29417
PUR,HG01393,X,2586,2064,13066,11722,11719,29251
PUR,HG01395,X,2445,2351,12811,11977,12434,29392
PUR,HG01396,X,2651,2193,12802,11986,12069,29186
PUR,HG01398,X,2472,2332,12795,11993,12060,29365
PUR,HG01402,X,2477,2157,13042,11746,12130,29360
PUR,HG01403,X,2479,2305,12996,11792,12084,29358
PUR,HG01405,X,2446,2149,13317,11471,11822,29391
PUR,HG01412,X,2476,2253,13011,11777,12120,29361
PUR,HG01413,X,2429,2262,13040,11748,12143,29408
PUR,HG01414,X,2573,2234,12938,11850,12001,29264
