CEU,NA06984,19,2771,2804,8737,11034,10658,16550
CEU,NA06985,19,2694,2780,8692,11079,10692,16627
CEU,NA06986,19,2782,2830,8803,10968,10853,16539
CEU,NA06989,19,2675,2776,8774,10997,10756,16646
CEU,NA06994,19,2767,2626,8845,10926,10302,16554
CEU,NA07000,19,2773,2671,8718,11053,10668,16548
CEU,NA07037,19,2839,2721,8693,11078,10607,16482
CEU,NA07048,19,2615,2664,8985,10786,10521,16706
CEU,NA07051,19,2654,2725,9047,10724,10483,16667
CEU,NA07056,19,2725,2826,8639,11132,10930,16596
CEU,NA07347,19,2607,2732,8845,10926,10693,16714
CEU,NA07357,19,2666,2659,8953,10818,10589,16655
CEU,NA10847,19,2682,2743,8837,10934,10682,16639
CEU,NA10851,19,2772,2691,8659,11112,10739,16549
CEU,NA11829,19,2636,2728,8976,10795,10674,16685
CEU,NA11830,19,2738,2684,8717,11054,10611,16583
CEU,NA11831,19,2708,2744,8643,11128,10675,16613
CEU,NA11832,19,2664,2814,8784,10987,10826,16657
CEU,NA11840,19,2638,2621,8911,10860,10495,16683
CEU,NA11843,19,2627,2743,8694,11077,10818,16694
CEU,NA11881,19,2644,2670,8836,10935,10459,16677
CEU,NA11892,19,2771,2823,8788,10983,10487,16550
CEU,NA11893,19,2781,2710,8778,10993,10670,16540
CEU,NA11894,19,2668,2705,9002,10769,10526,16653
CEU,NA11918,19,2758,2675,8582,11189,10745,16563
CEU,NA11919,19,2805,2679,8781,10990,10525,16516
CEU,NA11920,19,2606,2659,8880,10891,10522,16715
CEU,NA11930,19,2793,2699,8719,11052,10548,16528
CEU,NA11931,19,2648,2677,9025,10746,10507,16673
CEU,NA11932,19,2748,2733,8682,11089,10750,16573
CEU,NA11933,19,2739,2764,8748,11023,10723,16582
CEU,NA11992,19,2719,2810,8723,11048,10873,16602
CEU,NA11994,19,2750,2830,8748,11023,10887,16571
CEU,NA11995,19,2783,2751,8767,11004,10457,16538
CEU,NA12003,19,2759,2735,8727,11044,10584,16562
CEU,NA12004,19,2796,2730,8622,11149,10957,16525
CEU,NA12005,19,2738,2759,8847,10924,10544,16583
CEU,NA12006,19,2753,2662,8862,10909,10541,16568
CEU,NA12043,19,2636,2670,8996,10775,10338,16685
CEU,NA12044,19,2589,2791,8829,10942,10730,16732
CEU,NA12045,19,2779,2715,8711,11060,10729,16542
CEU,NA12046,19,2704,2725,8749,11022,10723,16617
CEU,NA12058,19,2727,2693,8851,10920,10689,16594
CEU,NA12144,19,2681,2815,8934,10837,10634,16640
CEU,NA12154,19,2586,2740,8862,10909,10704,16735
CEU,NA12155,19,2714,2623,8830,10941,10570,16607
CEU,NA12156,19,2755,2763,8836,10935,10543,16566
CEU,NA12234,19,2870,2806,8497,11274,10784,16451
CEU,NA12249,19,2610,2786,8893,10878,10622,16711
CEU,NA12272,19,2707,2658,8925,10846,10195,16614
CEU,NA12273,19,2776,2753,8814,10957,10513,16545
CEU,NA12275,19,2825,2761,8649,11122,10615,16496
CEU,NA12282,19,2781,2767,8581,11190,10655,16540
CEU,NA12283,19,2736,2741,8874,10897,10472,16585
CEU,NA12286,19,2783,2718,8706,11065,10532,16538
CEU,NA12287,19,2725,2900,8784,10987,10850,16596
CEU,NA12340,19,2844,2635,8758,11013,10531,16477
CEU,NA12341,19,2733,2730,8833,10938,10602,16588
CEU,NA12342,19,2750,2812,8372,11399,11072,16571
CEU,NA12347,19,2805,2776,8722,11049,10704,16516
CEU,NA12348,19,2791,2683,8715,11056,10716,16530
CEU,NA12383,19,2777,2745,8829,10942,10771,16544
CEU,NA12399,19,2884,2788,8763,11008,10597,16437
CEU,NA12400,19,2801,2784,8701,11070,10664,16520
CEU,NA12413,19,2508,2696,8903,10868,10685,16813
CEU,NA12414,19,2680,2784,9002,10769,10550,16641
CEU,NA12489,19,2793,2830,8764,11007,10758,16528
CEU,NA12546,19,2625,2758,8818,10953,10682,16696
CEU,NA12716,19,2789,2673,8733,11038,10608,16532
CEU,NA12717,19,2705,2733,8819,10952,10479,16616
CEU,NA12718,19,2659,2886,8752,11019,10782,16662
CEU,NA12748,19,2814,2781,8788,10983,10589,16507
CEU,NA12749,19,2760,2756,8663,11108,10674,16561
CEU,NA12750,19,2709,2647,8950,10821,10481,16612
CEU,NA12751,19,2737,2703,8722,11049,10417,16584
CEU,NA12760,19,2732,2720,8770,11001,10537,16589
CEU,NA12761,19,2875,2770,8722,11049,10633,16446
CEU,NA12762,19,2878,2684,8650,11121,10677,16443
CEU,NA12763,19,2630,2779,8851,10920,10747,16691
CEU,NA12775,19,2737,2680,8865,10906,10612,16584
CEU,NA12776,19,2737,2839,8677,11094,10781,16584
CEU,NA12777,19,2712,2580,8836,10935,10399,16609
CEU,NA12778,19,2667,2723,8886,10885,10611,16654
CEU,NA12812,19,2857,2765,8745,11026,10667,16464
CEU,NA12813,19,2761,2782,8819,10952,10593,16560
CEU,NA12814,19,2725,2652,8847,10924,10547,16596
CEU,NA12815,19,2749,2699,8805,10966,10728,16572
CEU,NA12827,19,2756,2726,8874,10897,10628,16565
CEU,NA12828,19,2654,2757,8832,10939,10650,16667
CEU,NA12829,19,2814,2762,8775,10996,10585,16507
CEU,NA12830,19,2769,2643,8684,11087,10812,16552
CEU,NA12842,19,2802,2705,8673,11098,10603,16519
CEU,NA12843,19,2900,2824,8588,11183,10709,16421
CEU,NA12872,19,2684,2770,8904,10867,10628,16637
CEU,NA12873,19,2798,2748,8518,11253,10728,16523
CEU,NA12874,19,2768,2753,8750,11021,10488,16553
CEU,NA12878,19,2633,2700,8747,11024,10661,16688
CEU,NA12889,19,2884,2708,8580,11191,10668,16437
CEU,NA12890,19,2789,2742,8612,11159,10763,16532
FIN,HG00171,19,2712,2690,8795,10976,10417,16609
FIN,HG00173,19,2771,2718,8677,11094,10555,16550
FIN,HG00174,19,2741,2748,8681,11090,10814,16580
FIN,HG00176,19,2822,2686,8757,11014,10617,16499
FIN,HG00177,19,2637,2826,8873,10898,10834,16684
FIN,HG00178,19,2579,2783,8890,10881,10585,16742
FIN,HG00179,19,2744,2776,8664,11107,10609,16577
FIN,HG00180,19,2773,2705,8849,10922,10409,16548
FIN,HG00181,19,2648,2737,8776,10995,10784,16673
FIN,HG00182,19,2711,2625,8852,10919,10570,16610
FIN,HG00183,19,2737,2552,8861,10910,10390,16584
FIN,HG00185,19,2695,2647,8725,11046,10576,16626
FIN,HG00186,19,2715,2772,8728,11043,10619,16606
FIN,HG00187,19,2692,2737,9075,10696,10450,16629
FIN,HG00188,19,2817,2779,8611,11160,10812,16504
FIN,HG00189,19,2810,2766,8701,11070,10789,16511
FIN,HG00190,19,2815,2725,8714,11057,10682,16506
FIN,HG00266,19,2729,2833,8636,11135,10767,16592
FIN,HG00267,19,2870,2831,8478,11293,10714,16451
FIN,HG00268,19,2835,2874,8596,11175,10825,16486
FIN,HG00269,19,2811,2717,8602,11169,10663,16510
FIN,HG00271,19,2817,2744,8547,11224,10793,16504
FIN,HG00272,19,2755,2701,8837,10934,10382,16566
FIN,HG00273,19,2860,2802,8729,11042,10753,16461
FIN,HG00274,19,2768,2807,8744,11027,10483,16553
FIN,HG00275,19,2672,2770,8823,10948,10586,16649
FIN,HG00276,19,2765,2910,8580,11191,10920,16556
FIN,HG00277,19,2773,2690,8725,11046,10383,16548
FIN,HG00278,19,2693,2784,8825,10946,10737,16628
FIN,HG00280,19,2815,2843,8625,11146,10819,16506
FIN,HG00281,19,2829,2765,8595,11176,10693,16492
FIN,HG00282,19,2643,2669,8879,10892,10451,16678
FIN,HG00284,19,2799,2659,8826,10945,10533,16522
FIN,HG00285,19,2715,2700,8789,10982,10511,16606
FIN,HG00288,19,2864,2709,8646,11125,10533,16457
FIN,HG00290,19,2670,2694,8925,10846,10400,16651
FIN,HG00304,19,2605,2652,9174,10597,10353,16716
FIN,HG00306,19,2713,2744,8839,10932,10529,16608
FIN,HG00308,19,2886,2781,8719,11052,10469,16435
FIN,HG00309,19,2823,2743,8726,11045,10794,16498
FIN,HG00310,19,2861,2639,8731,11040,10505,16460
FIN,HG00311,19,2810,2680,8684,11087,10495,16511
FIN,HG00313,19,2711,2752,8769,11002,10668,16610
FIN,HG00315,19,2680,2761,8759,11012,10536,16641
FIN,HG00318,19,2734,2754,8761,11010,10528,16587
FIN,HG00319,19,2701,2759,8762,11009,10516,16620
FIN,HG00320,19,2889,2688,8755,11016,10508,16432
FIN,HG00321,19,2694,2787,8648,11123,10818,16627
FIN,HG00323,19,2603,2770,8882,10889,10600,16718
FIN,HG00324,19,2789,2803,8513,11258,10779,16532
FIN,HG00325,19,2652,2737,8807,10964,10655,16669
FIN,HG00326,19,2693,2722,8860,10911,10488,16628
FIN,HG00327,19,2837,2701,8841,10930,10252,16484
FIN,HG00328,19,2681,2627,8774,10997,10489,16640
FIN,HG00329,19,2707,2717,8836,10935,10717,16614
FIN,HG00330,19,2783,2715,8691,11080,10670,16538
FIN,HG00331,19,2593,2665,8882,10889,10539,16728
FIN,HG00332,19,2776,2751,8727,11044,10678,16545
FIN,HG00334,19,2865,2832,8541,11230,10916,16456
FIN,HG00335,19,2745,2769,8669,11102,10726,16576
FIN,HG00336,19,2800,2705,8553,11218,10596,16521
FIN,HG00337,19,2749,2689,8807,10964,10496,16572
FIN,HG00338,19,2821,2540,8813,10958,10257,16500
FIN,HG00339,19,2830,2755,8684,11087,10495,16491
FIN,HG00341,19,2653,2724,8828,10943,10748,16668
FIN,HG00342,19,2680,2817,8699,11072,10709,16641
FIN,HG00343,19,2781,2686,8749,11022,10502,16540
FIN,HG00344,19,2714,2696,8911,10860,10538,16607
FIN,HG00345,19,2769,2679,8757,11014,10606,16552
FIN,HG00346,19,2831,2670,8813,10958,10613,16490
FIN,HG00349,19,2670,2640,8757,11014,10760,16651
FIN,HG00350,19,2704,2823,8591,11180,10827,16617
FIN,HG00351,19,2772,2648,8702,11069,10566,16549
FIN,HG00353,19,2660,2709,8825,10946,10528,16661
FIN,HG00355,19,2772,2815,8635,11136,10810,16549
FIN,HG00356,19,2773,2660,8785,10986,10547,16548
FIN,HG00357,19,2748,2709,8803,10968,10612,16573
FIN,HG00358,19,2697,2679,8966,10805,10583,16624
FIN,HG00360,19,2881,2698,8557,11214,10767,16440
FIN,HG00361,19,2759,2686,8773,10998,10713,16562
FIN,HG00362,19,2626,2707,8955,10816,10592,16695
FIN,HG00364,19,2821,2623,8960,10811,10325,16500
FIN,HG00365,19,2808,2709,8595,11176,10688,16513
FIN,HG00366,19,2807,2801,8734,11037,10647,16514
FIN,HG00367,19,2678,2785,8851,10920,10531,16643
FIN,HG00368,19,2865,2836,8463,11308,10843,16456
FIN,HG00369,19,2833,2743,8889,10882,10558,16488
FIN,HG00371,19,2827,2615,8866,10905,10401,16494
FIN,HG00372,19,2693,2748,8843,10928,10499,16628
FIN,HG00373,19,2753,2787,8756,11015,10584,16568
FIN,HG00375,19,2737,2673,8941,10830,10498,16584
FIN,HG00376,19,2692,2852,8788,10983,10678,16629
FIN,HG00378,19,2765,2819,8678,11093,10821,16556
FIN,HG00379,19,2641,2855,8955,10816,10671,16680
FIN,HG00380,19,2866,2724,8724,11047,10554,16455
FIN,HG00381,19,2926,2707,8523,11248,10766,16395
FIN,HG00382,19,2856,2694,8773,10998,10646,16465
FIN,HG00383,19,2694,2783,8621,11150,10894,16627
FIN,HG00384,19,2852,2781,8717,11054,10696,16469
GBR,HG00096,19,2691,2702,8802,10969,10357,16630
GBR,HG00097,19,2775,2811,8669,11102,10638,16546
GBR,HG00099,19,2708,2827,8754,11017,10910,16613
GBR,HG00100,19,2730,2715,8776,10995,10576,16591
GBR,HG00101,19,2700,2694,8819,10952,10640,16621
GBR,HG00102,19,2693,2728,8872,10899,10543,16628
GBR,HG00103,19,2679,2826,8709,11062,10663,16642
GBR,HG00105,19,2667,2739,9013,10758,10483,16654
GBR,HG00106,19,2748,2792,8730,11041,10767,16573
GBR,HG00107,19,2829,2739,8678,11093,10685,16492
GBR,HG00108,19,2640,2733,8845,10926,10657,16681
GBR,HG00109,19,2729,2784,8675,11096,10853,16592
GBR,HG00110,19,2754,2761,8702,11069,10739,16567
GBR,HG00111,19,2748,2877,8759,11012,10809,16573
GBR,HG00112,19,2555,2726,9022,10749,10612,16766
GBR,HG00113,19,2612,2663,8886,10885,10673,16709
GBR,HG00114,19,2808,2841,8553,11218,10755,16513
GBR,HG00115,19,2758,2759,8906,10865,10544,16563
GBR,HG00116,19,2760,2796,8735,11036,10757,16561
GBR,HG00117,19,2725,2781,8722,11049,10691,16596
GBR,HG00118,19,2670,2727,8846,10925,10731,16651
GBR,HG00119,19,2805,2757,8752,11019,10706,16516
GBR,HG00120,19,2800,2704,8759,11012,10720,16521
GBR,HG00121,19,2807,2779,8703,11068,10444,16514
GBR,HG00122,19,2657,2716,8848,10923,10654,16664
GBR,HG00123,19,2867,2679,8673,11098,10478,16454
GBR,HG00125,19,2609,2809,8903,10868,10738,16712
GBR,HG00126,19,2702,2670,8738,11033,10733,16619
GBR,HG00127,19,2742,2738,8821,10950,10655,16579
GBR,HG00128,19,2766,2742,8815,10956,10660,16555
GBR,HG00129,19,2594,2746,8966,10805,10485,16727
GBR,HG00130,19,2543,2681,9026,10745,10346,16778
GBR,HG00131,19,2834,2813,8647,11124,10847,16487
GBR,HG00132,19,2727,2721,8813,10958,10575,16594
GBR,HG00133,19,2633,2733,8887,10884,10726,16688
GBR,HG00136,19,2792,2872,8425,11346,11091,16529
GBR,HG00137,19,2718,2709,8737,11034,10606,16603
GBR,HG00138,19,2679,2505,9017,10754,10147,16642
GBR,HG00139,19,2781,2767,8747,11024,10795,16540
GBR,HG00140,19,2750,2764,8691,11080,10584,16571
GBR,HG00141,19,2692,2782,8767,11004,10873,16629
GBR,HG00142,19,2792,2709,8707,11064,10585,16529
GBR,HG00143,19,2653,2786,8889,10882,10452,16668
GBR,HG00145,19,2771,2754,8788,10983,10715,16550
GBR,HG00146,19,2679,2754,8623,11148,10871,16642
GBR,HG00148,19,2629,2847,8929,10842,10740,16692
GBR,HG00149,19,2574,2752,8966,10805,10651,16747
GBR,HG00150,19,2751,2758,8853,10918,10372,16570
GBR,HG00151,19,2601,2784,8934,10837,10757,16720
GBR,HG00154,19,2643,2887,8612,11159,10998,16678
GBR,HG00155,19,2714,2755,8863,10908,10591,16607
GBR,HG00157,19,2705,2725,8684,11087,10668,16616
GBR,HG00158,19,2731,2775,8839,10932,10654,16590
GBR,HG00159,19,2687,2896,8715,11056,10823,16634
GBR,HG00160,19,2701,2741,8683,11088,10663,16620
GBR,HG00231,19,2957,2732,8599,11172,10555,16364
GBR,HG00232,19,2803,2790,8559,11212,10751,16518
GBR,HG00233,19,2625,2777,8967,10804,10615,16696
GBR,HG00234,19,2687,2680,8869,10902,10503,16634
GBR,HG00235,19,2838,2843,8678,11093,10716,16483
GBR,HG00236,19,2821,2738,8693,11078,10802,16500
GBR,HG00237,19,2710,2717,8760,11011,10748,16611
GBR,HG00238,19,2552,2700,8920,10851,10633,16769
GBR,HG00239,19,2786,2762,8803,10968,10513,16535
GBR,HG00240,19,2754,2813,8672,11099,10688,16567
GBR,HG00242,19,2765,2632,8860,10911,10380,16556
GBR,HG00243,19,2673,2704,8703,11068,10748,16648
GBR,HG00244,19,2802,2774,8651,11120,10849,16519
GBR,HG00245,19,2738,2813,8673,11098,10766,16583
GBR,HG00246,19,2802,2726,8824,10947,10389,16519
GBR,HG00250,19,2705,2774,8830,10941,10705,16616
GBR,HG00251,19,2775,2760,8795,10976,10599,16546
GBR,HG00252,19,2814,2759,8641,11130,10873,16507
GBR,HG00253,19,2768,2692,8740,11031,10569,16553
GBR,HG00254,19,2851,2711,8806,10965,10492,16470
GBR,HG00255,19,2856,2745,8638,11133,10558,16465
GBR,HG00256,19,2909,2685,8699,11072,10731,16412
GBR,HG00257,19,2525,2732,8914,10857,10622,16796
GBR,HG00258,19,2678,2733,8784,10987,10689,16643
GBR,HG00259,19,2612,2715,8810,10961,10728,16709
GBR,HG00260,19,2593,2738,9058,10713,10674,16728
GBR,HG00261,19,2733,2788,8944,10827,10670,16588
GBR,HG00262,19,2657,2651,8912,10859,10567,16664
GBR,HG00263,19,2619,2715,8928,10843,10564,16702
GBR,HG00264,19,2848,2788,8511,11260,10805,16473
GBR,HG00265,19,2582,2693,8975,10796,10715,16739
GBR,HG01334,19,2762,2592,8729,11042,10474,16559
GBR,HG01789,19,2779,2672,8880,10891,10233,16542
GBR,HG01790,19,2745,2699,8823,10948,10691,16576
GBR,HG01791,19,2765,2721,8770,11001,10804,16556
GBR,HG02215,19,2641,2735,8605,11166,10822,16680
IBS,HG01500,19,2656,2613,8957,10814,10536,16665
IBS,HG01501,19,2723,2756,8695,11076,10736,16598
IBS,HG01503,19,2798,2776,8796,10975,10576,16523
IBS,HG01504,19,2567,2633,9051,10720,10320,16754
IBS,HG01506,19,2620,2803,8852,10919,10736,16701
IBS,HG01507,19,2922,2766,8550,11221,10854,16399
IBS,HG01509,19,2652,2783,8732,11039,10780,16669
IBS,HG01510,19,2757,2702,8844,10927,10688,16564
IBS,HG01512,19,2874,2766,8610,11161,10848,16447
IBS,HG01513,19,2699,2781,8809,10962,10512,16622
IBS,HG01515,19,2664,2787,8788,10983,10715,16657
IBS,HG01516,19,2784,2803,8579,11192,10959,16537
IBS,HG01518,19,2762,2753,8784,10987,10685,16559
IBS,HG01519,19,2687,2860,8885,10886,10686,16634
IBS,HG01521,19,2760,2846,8746,11025,10798,16561
IBS,HG01522,19,2772,2779,8725,11046,10720,16549
IBS,HG01524,19,2694,2746,8764,11007,10623,16627
IBS,HG01525,19,2776,2873,8792,10979,10860,16545
IBS,HG01527,19,2764,2843,8554,11217,10915,16557
IBS,HG01528,19,2779,2689,8842,10929,10536,16542
IBS,HG01530,19,2899,2682,8734,11037,10542,16422
IBS,HG01531,19,2805,2748,8508,11263,10951,16516
IBS,HG01536,19,2870,2764,8564,11207,10869,16451
IBS,HG01537,19,2691,2608,8851,10920,10359,16630
IBS,HG01602,19,2701,2654,8935,10836,10573,16620
IBS,HG01603,19,2733,2590,8948,10823,10616,16588
IBS,HG01605,19,2802,2783,8626,11145,10686,16519
IBS,HG01606,19,2713,2687,8958,10813,10438,16608
IBS,HG01607,19,2692,2807,8726,11045,10859,16629
IBS,HG01608,19,2769,2737,8871,10900,10430,16552
IBS,HG01610,19,2716,2725,8849,10922,10690,16605
IBS,HG01612,19,2786,2735,8616,11155,10611,16535
IBS,HG01613,19,3028,2739,8462,11309,10710,16293
IBS,HG01615,19,2744,2646,8734,11037,10487,16577
IBS,HG01617,19,2689,2797,8900,10871,10651,16632
IBS,HG01618,19,2695,2814,8787,10984,10699,16626
IBS,HG01619,19,2692,2777,8706,11065,10900,16629
IBS,HG01620,19,2775,2785,8716,11055,10747,16546
IBS,HG01623,19,2760,2708,8716,11055,10595,16561
IBS,HG01624,19,2635,2707,8855,10916,10551,16686
IBS,HG01625,19,2709,2704,8675,11096,10546,16612
IBS,HG01626,19,2816,2768,8521,11250,10923,16505
IBS,HG01628,19,2743,2737,8889,10882,10617,16578
IBS,HG01630,19,2728,2592,8814,10957,10548,16593
IBS,HG01631,19,2760,2627,8750,11021,10680,16561
IBS,HG01632,19,2773,2792,8707,11064,10554,16548
IBS,HG01668,19,2791,2802,8808,10963,10645,16530
IBS,HG01669,19,2676,2736,9032,10739,10345,16645
IBS,HG01670,19,2706,2656,8923,10848,10453,16615
IBS,HG01672,19,2889,2787,8488,11283,10794,16432
IBS,HG01673,19,2760,2729,8781,10990,10565,16561
IBS,HG01675,19,2662,2606,8798,10973,10508,16659
IBS,HG01676,19,2674,2708,8780,10991,10713,16647
IBS,HG01678,19,2750,2741,8751,11020,10852,16571
IBS,HG01679,19,2827,2672,8655,11116,10495,16494
IBS,HG01680,19,2749,2750,8627,11144,10682,16572
IBS,HG01682,19,2634,2792,8838,10933,10647,16687
IBS,HG01684,19,2788,2888,8691,11080,10749,16533
IBS,HG01685,19,2719,2771,8747,11024,10707,16602
IBS,HG01686,19,2721,2835,8928,10843,10684,16600
IBS,HG01694,19,2855,2816,8659,11112,10665,16466
IBS,HG01695,19,2707,2745,8700,11071,10813,16614
IBS,HG01697,19,2583,2788,8954,10817,10453,16738
IBS,HG01699,19,2781,2734,8801,10970,10672,16540
IBS,HG01700,19,2721,2756,8768,11003,10654,16600
IBS,HG01702,19,2792,2650,8804,10967,10586,16529
IBS,HG01704,19,2732,2677,8785,10986,10746,16589
IBS,HG01705,19,2621,2809,8765,11006,10840,16700
IBS,HG01707,19,2774,2785,8651,11120,10832,16547
IBS,HG01708,19,2786,2671,8838,10933,10524,16535
IBS,HG01709,19,2604,2818,8756,11015,10812,16717
IBS,HG01710,19,2784,2717,8728,11043,10631,16537
IBS,HG01746,19,2698,2695,8942,10829,10590,16623
IBS,HG01747,19,2840,2640,8598,11173,10650,16481
IBS,HG01756,19,2603,2614,8940,10831,10567,16718
IBS,HG01757,19,2636,2685,8866,10905,10515,16685
IBS,HG01761,19,2674,2694,8827,10944,10690,16647
IBS,HG01762,19,2680,2650,8870,10901,10654,16641
IBS,HG01765,19,2883,2783,8587,11184,10827,16438
IBS,HG01766,19,2635,2788,8737,11034,10660,16686
IBS,HG01767,19,2730,2713,8710,11061,10629,16591
IBS,HG01768,19,2637,2788,8777,10994,10845,16684
IBS,HG01770,19,2699,2777,8772,10999,10736,16622
IBS,HG01771,19,2650,2701,8851,10920,10543,16671
IBS,HG01773,19,2759,2588,8789,10982,10438,16562
IBS,HG01775,19,2740,2720,8736,11035,10450,16581
IBS,HG01776,19,2727,2912,8662,11109,10664,16594
IBS,HG01777,19,2844,2696,8884,10887,10417,16477
IBS,HG01779,19,2815,2757,8642,11129,10862,16506
IBS,HG01781,19,2807,2650,8748,11023,10625,16514
IBS,HG01783,19,2711,2684,8838,10933,10758,16610
IBS,HG01784,19,2689,2720,8975,10796,10513,16632
IBS,HG01785,19,2652,2753,8722,11049,10818,16669
IBS,HG01786,19,2839,2810,8823,10948,10693,16482
IBS,HG02219,19,2588,2666,8837,10934,10611,16733
IBS,HG02220,19,2617,2725,8949,10822,10548,16704
IBS,HG02221,19,2647,2798,8810,10961,10836,16674
IBS,HG02223,19,2777,2650,8737,11034,10647,16544
IBS,HG02224,19,2764,2799,8535,11236,10698,16557
IBS,HG02230,19,2810,2680,8712,11059,10435,16511
IBS,HG02231,19,2660,2733,8864,10907,10442,16661
IBS,HG02232,19,2637,2688,8865,10906,10885,16684
IBS,HG02233,19,2625,2824,8762,11009,11001,16696
IBS,HG02235,19,2710,2818,8710,11061,10841,16611
IBS,HG02236,19,2596,2717,8854,10917,10551,16725
IBS,HG02238,19,2837,2812,8775,10996,10824,16484
IBS,HG02239,19,2694,2811,8775,10996,10853,16627
TSI,NA20502,19,2692,2835,8721,11050,10786,16629
TSI,NA20503,19,2829,2698,8740,11031,10425,16492
TSI,NA20504,19,2652,2725,9023,10748,10444,16669
TSI,NA20505,19,2632,2712,8759,11012,10721,16689
TSI,NA20506,19,2690,2686,8683,11088,10746,16631
TSI,NA20507,19,2691,2814,8869,10902,10685,16630
TSI,NA20508,19,2803,2822,8628,11143,10716,16518
TSI,NA20509,19,2664,2642,8930,10841,10604,16657
TSI,NA20510,19,2828,2714,8577,11194,10624,16493
TSI,NA20511,19,2662,2793,8697,11074,11028,16659
TSI,NA20512,19,2578,2835,8899,10872,10467,16743
TSI,NA20513,19,2830,2780,8681,11090,10653,16491
TSI,NA20514,19,2740,2682,8848,10923,10507,16581
TSI,NA20515,19,2683,2766,8728,11043,10833,16638
TSI,NA20516,19,2749,2816,8721,11050,10740,16572
TSI,NA20517,19,2745,2776,8892,10879,10693,16576
TSI,NA20518,19,2646,2743,8662,11109,10860,16675
TSI,NA20519,19,2741,2595,8764,11007,10528,16580
TSI,NA20520,19,2721,2684,8922,10849,10357,16600
TSI,NA20521,19,2737,2779,8656,11115,10757,16584
TSI,NA20522,19,2711,2776,8873,10898,10813,16610
TSI,NA20524,19,2699,2702,8766,11005,10672,16622
TSI,NA20525,19,2952,2891,8410,11361,11022,16369
TSI,NA20527,19,2702,2723,8941,10830,10548,16619
TSI,NA20528,19,2817,2747,8695,11076,10641,16504
TSI,NA20529,19,2819,2705,8582,11189,10658,16502
TSI,NA20530,19,2682,2658,9007,10764,10511,16639
TSI,NA20531,19,2629,2761,8757,11014,10728,16692
TSI,NA20532,19,2786,2675,8734,11037,10597,16535
TSI,NA20533,19,2764,2785,8722,11049,10725,16557
TSI,NA20534,19,2776,2798,8782,10989,10617,16545
TSI,NA20535,19,2839,2721,8764,11007,10590,16482
TSI,NA20536,19,2726,2761,8645,11126,10903,16595
TSI,NA20538,19,2712,2662,8707,11064,10623,16609
TSI,NA20539,19,2612,2638,9155,10616,10307,16709
TSI,NA20540,19,2686,2728,8846,10925,10581,16635
TSI,NA20541,19,2678,2759,8777,10994,10722,16643
TSI,NA20542,19,2806,2888,8436,11335,10901,16515
TSI,NA20543,19,2733,2750,8759,11012,10725,16588
TSI,NA20544,19,2842,2652,8932,10839,10242,16479
TSI,NA20581,19,2518,2768,8929,10842,10694,16803
TSI,NA20582,19,2698,2671,8836,10935,10675,16623
TSI,NA20585,19,2761,2822,8738,11033,10975,16560
TSI,NA20586,19,2718,2693,8827,10944,10603,16603
TSI,NA20587,19,2675,2752,8815,10956,10664,16646
TSI,NA20588,19,2801,2756,8718,11053,10657,16520
TSI,NA20589,19,2719,2717,8945,10826,10585,16602
TSI,NA20752,19,2871,2723,8551,11220,10842,16450
TSI,NA20753,19,2721,2703,8820,10951,10532,16600
TSI,NA20754,19,2713,2695,8674,11097,10596,16608
TSI,NA20755,19,2726,2738,8856,10915,10666,16595
TSI,NA20756,19,2679,2775,8804,10967,10590,16642
TSI,NA20757,19,2766,2762,8759,11012,10692,16555
TSI,NA20758,19,2744,2770,8831,10940,10597,16577
TSI,NA20759,19,2781,2772,8578,11193,10859,16540
TSI,NA20760,19,2835,2716,8609,11162,10525,16486
TSI,NA20761,19,2753,2771,8683,11088,10638,16568
TSI,NA20762,19,2740,2572,8828,10943,10503,16581
TSI,NA20763,19,2774,2735,8675,11096,10750,16547
TSI,NA20764,19,2672,2680,8785,10986,10655,16649
TSI,NA20765,19,2842,2739,8771,11000,10705,16479
TSI,NA20766,19,2682,2836,8664,11107,10913,16639
TSI,NA20767,19,2588,2807,8911,10860,10721,16733
TSI,NA20768,19,2808,2754,8576,11195,10870,16513
TSI,NA20769,19,2711,2734,8757,11014,10621,16610
TSI,NA20770,19,2709,2795,8924,10847,10449,16612
TSI,NA20771,19,2600,2718,8938,10833,10722,16721
TSI,NA20772,19,2752,2689,8850,10921,10658,16569
TSI,NA20773,19,2732,2822,8605,11166,10817,16589
TSI,NA20774,19,2744,2691,8711,11060,10755,16577
TSI,NA20775,19,2629,2677,8944,10827,10743,16692
TSI,NA20778,19,2801,2735,8810,10961,10732,16520
TSI,NA20783,19,2786,2666,8797,10974,10691,16535
TSI,NA20785,19,2708,2764,8863,10908,10793,16613
TSI,NA20786,19,2669,2747,8902,10869,10705,16652
TSI,NA20787,19,2719,2711,8795,10976,10756,16602
TSI,NA20790,19,2706,2664,8687,11084,10801,16615
TSI,NA20792,19,2772,2664,8671,11100,10713,16549
TSI,NA20795,19,2760,2775,8674,11097,10811,16561
TSI,NA20796,19,2528,2636,9025,10746,10463,16793
TSI,NA20797,19,2679,2697,8698,11073,10644,16642
TSI,NA20798,19,2744,2645,8679,11092,10623,16577
TSI,NA20799,19,2744,2788,8711,11060,10822,16577
TSI,NA20800,19,2825,2790,8678,11093,10894,16496
TSI,NA20801,19,2746,2661,8838,10933,10505,16575
TSI,NA20802,19,2695,2705,8781,10990,10367,16626
TSI,NA20803,19,2761,2722,8843,10928,10601,16560
TSI,NA20804,19,2828,2744,8598,11173,10743,16493
TSI,NA20805,19,2676,2722,8921,10850,10639,16645
TSI,NA20806,19,2604,2723,8955,10816,10657,16717
TSI,NA20807,19,2843,2818,8593,11178,10731,16478
TSI,NA20808,19,2685,2876,8653,11118,10878,16636
TSI,NA20809,19,2768,2645,8720,11051,10577,16553
TSI,NA20810,19,2868,2678,8658,11113,10567,16453
TSI,NA20811,19,2748,2620,8791,10980,10580,16573
TSI,NA20812,19,2702,2669,8794,10977,10647,16619
TSI,NA20813,19,2765,2708,8713,11058,10681,16556
TSI,NA20814,19,2870,2734,8775,10996,10668,16451
TSI,NA20815,19,2769,2755,8759,11012,10798,16552
TSI,NA20818,19,2716,2743,8712,11059,10575,16605
TSI,NA20819,19,2643,2665,8978,10793,10612,16678
TSI,NA20821,19,2686,2826,8866,10905,10998,16635
TSI,NA20822,19,2726,2663,8705,11066,10726,16595
TSI,NA20826,19,2640,2640,8760,11011,10661,16681
TSI,NA20827,19,2661,2708,8952,10819,10644,16660
TSI,NA20828,19,2749,2829,8828,10943,10693,16572
TSI,NA20832,19,2707,2753,8850,10921,10478,16614
CHB,NA18525,19,2716,2704,8718,11053,10611,16605
CHB,NA18526,19,2687,2687,8742,11029,10543,16634
CHB,NA18528,19,2822,2642,8869,10902,10402,16499
CHB,NA18530,19,2720,2592,8920,10851,10209,16601
CHB,NA18531,19,2903,2663,8657,11114,10480,16418
CHB,NA18532,19,2792,2703,8602,11169,10833,16529
CHB,NA18533,19,2815,2588,8867,10904,10300,16506
CHB,NA18534,19,2689,2612,8829,10942,10509,16632
CHB,NA18535,19,2814,2645,8784,10987,10248,16507
CHB,NA18536,19,2774,2510,8987,10784,10239,16547
CHB,NA18537,19,2623,2761,8774,10997,10509,16698
CHB,NA18538,19,2848,2744,8690,11081,10557,16473
CHB,NA18539,19,2949,2745,8486,11285,10544,16372
CHB,NA18541,19,2689,2789,8756,11015,10630,16632
CHB,NA18542,19,2766,2767,8600,11171,10830,16555
CHB,NA18543,19,2723,2679,8777,10994,10525,16598
CHB,NA18544,19,2735,2666,8908,10863,10426,16586
CHB,NA18545,19,2811,2667,8767,11004,10551,16510
CHB,NA18546,19,2759,2677,8685,11086,10502,16562
CHB,NA18547,19,2692,2612,8895,10876,10480,16629
CHB,NA18548,19,2721,2666,8745,11026,10547,16600
CHB,NA18549,19,2574,2692,8968,10803,10527,16747
CHB,NA18550,19,2764,2769,8739,11032,10483,16557
CHB,NA18552,19,2609,2656,8717,11054,10388,16712
CHB,NA18553,19,2732,2684,8688,11083,10604,16589
CHB,NA18555,19,2707,2719,8758,11013,10422,16614
CHB,NA18557,19,2872,2670,8546,11225,10349,16449
CHB,NA18558,19,2527,2635,8977,10794,10531,16794
CHB,NA18559,19,2669,2669,8990,10781,10365,16652
CHB,NA18560,19,2684,2701,9153,10618,10389,16637
CHB,NA18561,19,2716,2608,8871,10900,10184,16605
CHB,NA18562,19,2646,2646,8904,10867,10416,16675
CHB,NA18563,19,2692,2673,8812,10959,10587,16629
CHB,NA18564,19,2691,2781,8791,10980,10627,16630
CHB,NA18565,19,2735,2714,8869,10902,10373,16586
CHB,NA18566,19,2753,2774,8779,10992,10561,16568
CHB,NA18567,19,2850,2603,8665,11106,10514,16471
CHB,NA18570,19,2936,2687,8631,11140,10441,16385
CHB,NA18571,19,2794,2708,8785,10986,10453,16527
CHB,NA18572,19,2715,2597,8934,10837,10455,16606
CHB,NA18573,19,2891,2742,8507,11264,10628,16430
CHB,NA18574,19,2662,2683,8946,10825,10499,16659
CHB,NA18577,19,2805,2732,8641,11130,10710,16516
CHB,NA18579,19,2785,2653,8816,10955,10416,16536
CHB,NA18582,19,2803,2605,8799,10972,10409,16518
CHB,NA18591,19,2667,2730,8848,10923,10616,16654
CHB,NA18592,19,2630,2582,8985,10786,10283,16691
CHB,NA18593,19,2736,2780,8692,11079,10629,16585
CHB,NA18595,19,2742,2758,8698,11073,10604,16579
CHB,NA18596,19,2819,2752,8675,11096,10630,16502
CHB,NA18597,19,2676,2657,8968,10803,10494,16645
CHB,NA18599,19,2730,2763,8802,10969,10597,16591
CHB,NA18602,19,2635,2712,8878,10893,10579,16686
CHB,NA18603,19,2795,2728,8634,11137,10843,16526
CHB,NA18605,19,2663,2748,8883,10888,10653,16658
CHB,NA18606,19,2642,2718,8825,10946,10491,16679
CHB,NA18608,19,2774,2708,8836,10935,10516,16547
CHB,NA18609,19,2736,2838,8862,10909,10637,16585
CHB,NA18610,19,2795,2684,8640,11131,10852,16526
CHB,NA18611,19,2660,2687,9052,10719,10281,16661
CHB,NA18612,19,2737,2683,8831,10940,10389,16584
CHB,NA18613,19,3046,2717,8474,11297,10399,16275
CHB,NA18614,19,2879,2680,8784,10987,10428,16442
CHB,NA18615,19,2637,2732,8671,11100,10607,16684
CHB,NA18616,19,2745,2658,8890,10881,10372,16576
CHB,NA18617,19,2605,2565,8900,10871,10455,16716
CHB,NA18618,19,2669,2685,8818,10953,10265,16652
CHB,NA18619,19,2834,2705,8594,11177,10458,16487
CHB,NA18620,19,2727,2687,8720,11051,10489,16594
CHB,NA18621,19,2812,2752,8640,11131,10670,16509
CHB,NA18622,19,2643,2670,8748,11023,10592,16678
CHB,NA18623,19,2884,2717,8650,11121,10463,16437
CHB,NA18624,19,2836,2726,8819,10952,10615,16485
CHB,NA18625,19,2660,2736,8853,10918,10549,16661
CHB,NA18626,19,2722,2722,8586,11185,10605,16599
CHB,NA18627,19,2720,2752,8875,10896,10476,16601
CHB,NA18628,19,2657,2561,9102,10669,10129,16664
CHB,NA18629,19,2767,2628,8770,11001,10418,16554
CHB,NA18630,19,2635,2733,8770,11001,10689,16686
CHB,NA18631,19,2762,2774,8731,11040,10755,16559
CHB,NA18632,19,2672,2670,8869,10902,10534,16649
CHB,NA18633,19,2785,2689,8611,11160,10428,16536
CHB,NA18634,19,2955,2656,8471,11300,10628,16366
CHB,NA18635,19,2779,2760,8806,10965,10481,16542
CHB,NA18636,19,2795,2713,8734,11037,10659,16526
CHB,NA18637,19,2780,2699,8739,11032,10501,16541
CHB,NA18638,19,2895,2792,8431,11340,10665,16426
CHB,NA18639,19,2690,2655,8831,10940,10346,16631
CHB,NA18640,19,2694,2736,8779,10992,10570,16627
CHB,NA18641,19,2769,2686,8872,10899,10471,16552
CHB,NA18642,19,2758,2707,8662,11109,10550,16563
CHB,NA18643,19,2719,2716,8700,11071,10565,16602
CHB,NA18644,19,2749,2734,8924,10847,10498,16572
CHB,NA18645,19,2612,2659,8890,10881,10487,16709
CHB,NA18646,19,2704,2720,8741,11030,10597,16617
CHB,NA18647,19,2762,2649,8809,10962,10399,16559
CHB,NA18648,19,2760,2668,8732,11039,10274,16561
CHB,NA18740,19,2735,2714,8670,11101,10670,16586
CHB,NA18745,19,2735,2709,8769,11002,10534,16586
CHB,NA18747,19,2714,2646,8755,11016,10555,16607
CHB,NA18748,19,2684,2692,8775,10996,10473,16637
CHB,NA18749,19,2710,2659,8958,10813,10405,16611
CHB,NA18757,19,2716,2725,8802,10969,10478,16605
CHS,HG00403,19,2861,2542,8698,11073,10085,16460
CHS,HG00404,19,2683,2654,8771,11000,10378,16638
CHS,HG00406,19,2784,2770,8729,11042,10564,16537
CHS,HG00407,19,2720,2669,8669,11102,10720,16601
CHS,HG00409,19,2760,2766,8643,11128,10656,16561
CHS,HG00410,19,2905,2712,8680,11091,10567,16416
CHS,HG00419,19,2619,2791,8772,10999,10615,16702
CHS,HG00421,19,2854,2628,8704,11067,10331,16467
CHS,HG00422,19,2721,2841,8901,10870,10515,16600
CHS,HG00428,19,2738,2739,8765,11006,10518,16583
CHS,HG00436,19,2607,2676,8928,10843,10370,16714
CHS,HG00437,19,2869,2856,8659,11112,10662,16452
CHS,HG00442,19,2786,2701,8695,11076,10545,16535
CHS,HG00443,19,2778,2848,8515,11256,10894,16543
CHS,HG00445,19,2812,2689,8741,11030,10492,16509
CHS,HG00446,19,2816,2726,8723,11048,10892,16505
CHS,HG00448,19,2717,2821,8570,11201,10830,16604
CHS,HG00449,19,2748,2710,8776,10995,10445,16573
CHS,HG00451,19,2752,2743,8728,11043,10567,16569
CHS,HG00452,19,2784,2735,8679,11092,10589,16537
CHS,HG00457,19,3031,2764,8378,11393,10723,16290
CHS,HG00458,19,2788,2745,8921,10850,10660,16533
CHS,HG00463,19,2838,2695,8728,11043,10621,16483
CHS,HG00464,19,2825,2703,8693,11078,10458,16496
CHS,HG00472,19,2696,2663,8752,11019,10536,16625
CHS,HG00473,19,2679,2695,8794,10977,10565,16642
CHS,HG00475,19,2717,2761,8905,10866,10622,16604
CHS,HG00476,19,2713,2866,8764,11007,10789,16608
CHS,HG00478,19,2950,2711,8685,11086,10496,16371
CHS,HG00479,19,2816,2744,8765,11006,10683,16505
CHS,HG00500,19,2941,2775,8602,11169,10482,16380
CHS,HG00513,19,2809,2681,8552,11219,10401,16512
CHS,HG00524,19,2709,2603,8913,10858,10516,16612
CHS,HG00525,19,2824,2734,8634,11137,10447,16497
CHS,HG00530,19,2763,2653,8945,10826,10199,16558
CHS,HG00531,19,2868,2776,8662,11109,10598,16453
CHS,HG00533,19,2784,2698,8763,11008,10639,16537
CHS,HG00534,19,2697,2594,9012,10759,10387,16624
CHS,HG00536,19,2879,2765,8570,11201,10713,16442
CHS,HG00537,19,2724,2702,8884,10887,10503,16597
CHS,HG00542,19,2578,2703,8964,10807,10354,16743
CHS,HG00543,19,2802,2814,8592,11179,10843,16519
CHS,HG00556,19,2859,2664,8768,11003,10468,16462
CHS,HG00557,19,2838,2680,8770,11001,10513,16483
CHS,HG00559,19,2709,2759,8808,10963,10572,16612
CHS,HG00560,19,2782,2826,8627,11144,10607,16539
CHS,HG00565,19,2735,2781,8652,11119,10575,16586
CHS,HG00566,19,2829,2749,8602,11169,10531,16492
CHS,HG00580,19,2815,2733,8409,11362,10767,16506
CHS,HG00581,19,2736,2731,8769,11002,10668,16585
CHS,HG00583,19,2844,2739,8723,11048,10552,16477
CHS,HG00584,19,2698,2602,8803,10968,10449,16623
CHS,HG00589,19,2766,2761,8741,11030,10490,16555
CHS,HG00590,19,2852,2683,8419,11352,10526,16469
CHS,HG00592,19,2813,2694,8731,11040,10374,16508
CHS,HG00593,19,2837,2687,8737,11034,10564,16484
CHS,HG00595,19,2847,2719,8765,11006,10356,16474
CHS,HG00596,19,2794,2716,8710,11061,10562,16527
CHS,HG00598,19,2799,2623,8702,11069,10458,16522
CHS,HG00599,19,2806,2774,8684,11087,10619,16515
CHS,HG00607,19,2777,2835,8815,10956,10558,16544
CHS,HG00608,19,2701,2794,8737,11034,10529,16620
CHS,HG00610,19,2864,2791,8551,11220,10565,16457
CHS,HG00611,19,2633,2622,9107,10664,10301,16688
CHS,HG00613,19,2571,2661,8917,10854,10353,16750
CHS,HG00614,19,2750,2736,8862,10909,10605,16571
CHS,HG00619,19,2836,2677,8723,11048,10560,16485
CHS,HG00620,19,2653,2582,8982,10789,10357,16668
CHS,HG00622,19,2728,2784,8810,10961,10572,16593
CHS,HG00623,19,2698,2624,8938,10833,10356,16623
CHS,HG00625,19,2643,2652,8872,10899,10238,16678
CHS,HG00626,19,2755,2827,8758,11013,10531,16566
CHS,HG00628,19,2731,2612,8721,11050,10575,16590
CHS,HG00629,19,2698,2720,8795,10976,10448,16623
CHS,HG00631,19,2714,2726,8852,10919,10658,16607
CHS,HG00632,19,2608,2719,8710,11061,10668,16713
CHS,HG00634,19,2682,2641,8965,10806,10254,16639
CHS,HG00650,19,2787,2686,8720,11051,10571,16534
CHS,HG00651,19,2890,2531,8729,11042,10257,16431
CHS,HG00653,19,2916,2765,8769,11002,10478,16405
CHS,HG00654,19,2785,2560,8872,10899,10232,16536
CHS,HG00656,19,2857,2816,8593,11178,10737,16464
CHS,HG00657,19,2690,2585,8912,10859,10289,16631
CHS,HG00662,19,2750,2654,8824,10947,10464,16571
CHS,HG00663,19,2708,2735,8620,11151,10859,16613
CHS,HG00671,19,2829,2754,8682,11089,10630,16492
CHS,HG00672,19,2684,2689,8796,10975,10304,16637
CHS,HG00674,19,2665,2823,8762,11009,10753,16656
CHS,HG00675,19,2927,2569,8574,11197,10437,16394
CHS,HG00683,19,2834,2642,8683,11088,10462,16487
CHS,HG00684,19,2641,2620,8736,11035,10619,16680
CHS,HG00689,19,2777,2689,8775,10996,10353,16544
CHS,HG00690,19,2852,2698,8598,11173,10378,16469
CHS,HG00692,19,2734,2633,8799,10972,10478,16587
CHS,HG00693,19,2960,2653,8712,11059,10378,16361
CHS,HG00698,19,2805,2763,8632,11139,10644,16516
CHS,HG00699,19,2708,2809,8802,10969,10544,16613
CHS,HG00701,19,3099,2643,8453,11318,10453,16222
CHS,HG00704,19,2784,2610,8802,10969,10332,16537
CHS,HG00705,19,2708,2594,8888,10883,10381,16613
CHS,HG00707,19,2803,2724,8693,11078,10527,16518
CHS,HG00708,19,2723,2704,8772,10999,10457,16598
CHS,HG00717,19,2869,2617,8683,11088,10529,16452
CHS,HG00728,19,2877,2636,8583,11188,10565,16444
CHS,HG00729,19,2826,2621,8794,10977,10380,16495
CDX,HG00759,19,2749,2814,8906,10865,10401,16572
CDX,HG00766,19,2746,2739,8757,11014,10730,16575
CDX,HG00844,19,2755,2706,8630,11141,10554,16566
CDX,HG00851,19,2972,2639,8497,11274,10573,16349
CDX,HG00864,19,2730,2727,8561,11210,10632,16591
CDX,HG00867,19,2859,2677,8727,11044,10490,16462
CDX,HG00879,19,2750,2645,8762,11009,10406,16571
CDX,HG00881,19,2842,2720,8660,11111,10673,16479
CDX,HG00956,19,2827,2759,8649,11122,10523,16494
CDX,HG00978,19,2651,2695,8917,10854,10545,16670
CDX,HG00982,19,2726,2657,8705,11066,10336,16595
CDX,HG01028,19,2734,2717,8718,11053,10621,16587
CDX,HG01029,19,2604,2718,8986,10785,10384,16717
CDX,HG01031,19,2838,2745,8702,11069,10602,16483
CDX,HG01046,19,2696,2525,8833,10938,10347,16625
CDX,HG01794,19,2860,2678,8719,11052,10356,16461
CDX,HG01795,19,2731,2711,8865,10906,10672,16590
CDX,HG01796,19,2809,2691,8738,11033,10424,16512
CDX,HG01797,19,2841,2600,8779,10992,10501,16480
CDX,HG01798,19,2904,2600,8683,11088,10376,16417
CDX,HG01799,19,2759,2592,8817,10954,10369,16562
CDX,HG01800,19,2764,2747,8882,10889,10460,16557
CDX,HG01801,19,2750,2588,8986,10785,10444,16571
CDX,HG01802,19,2813,2736,8670,11101,10731,16508
CDX,HG01804,19,2959,2566,8692,11079,10319,16362
CDX,HG01805,19,2718,2752,8679,11092,10653,16603
CDX,HG01806,19,2677,2632,8958,10813,10422,16644
CDX,HG01807,19,2730,2726,8934,10837,10567,16591
CDX,HG01808,19,2832,2731,8786,10985,10667,16489
CDX,HG01809,19,2630,2660,8855,10916,10448,16691
CDX,HG01810,19,2803,2672,8782,10989,10372,16518
CDX,HG01811,19,2833,2682,8747,11024,10651,16488
CDX,HG01812,19,2728,2719,8835,10936,10510,16593
CDX,HG01813,19,2653,2721,8813,10958,10639,16668
CDX,HG01815,19,2849,2793,8741,11030,10590,16472
CDX,HG01816,19,2687,2564,8948,10823,10483,16634
CDX,HG01817,19,2765,2695,8597,11174,10746,16556
CDX,HG02151,19,2655,2739,8779,10992,10709,16666
CDX,HG02152,19,2786,2686,8784,10987,10514,16535
CDX,HG02153,19,2830,2697,8748,11023,10543,16491
CDX,HG02154,19,2880,2711,8795,10976,10449,16441
CDX,HG02155,19,2761,2766,8749,11022,10563,16560
CDX,HG02156,19,2834,2750,8706,11065,10529,16487
CDX,HG02164,19,2765,2749,8678,11093,10685,16556
CDX,HG02165,19,2803,2691,8665,11106,10408,16518
CDX,HG02166,19,2678,2702,8900,10871,10472,16643
CDX,HG02178,19,2672,2774,8684,11087,10644,16649
CDX,HG02179,19,2788,2572,8985,10786,10210,16533
CDX,HG02180,19,2849,2797,8545,11226,10693,16472
CDX,HG02181,19,2627,2688,8895,10876,10516,16694
CDX,HG02182,19,2617,2663,8752,11019,10447,16704
CDX,HG02184,19,2765,2830,8648,11123,10605,16556
CDX,HG02185,19,2883,2718,8621,11150,10495,16438
CDX,HG02186,19,2751,2721,8762,11009,10496,16570
CDX,HG02187,19,2639,2765,8717,11054,10631,16682
CDX,HG02188,19,2836,2678,8797,10974,10241,16485
CDX,HG02190,19,2857,2725,8683,11088,10520,16464
CDX,HG02250,19,2772,2658,8755,11016,10474,16549
CDX,HG02351,19,2735,2737,8897,10874,10736,16586
CDX,HG02353,19,2767,2694,8503,11268,10737,16554
CDX,HG02355,19,2753,2813,8622,11149,10746,16568
CDX,HG02356,19,2749,2662,8693,11078,10680,16572
CDX,HG02360,19,2750,2626,8903,10868,10351,16571
CDX,HG02364,19,2795,2758,8554,11217,10695,16526
CDX,HG02367,19,2923,2684,8630,11141,10544,16398
CDX,HG02371,19,2781,2719,8842,10929,10470,16540
CDX,HG02373,19,2859,2758,8541,11230,10511,16462
CDX,HG02374,19,2643,2595,8963,10808,10447,16678
CDX,HG02375,19,2725,2719,8789,10982,10612,16596
CDX,HG02379,19,2731,2754,8744,11027,10635,16590
CDX,HG02380,19,2742,2616,8758,11013,10437,16579
CDX,HG02382,19,2939,2599,8724,11047,10247,16382
CDX,HG02383,19,2932,2739,8711,11060,10413,16389
CDX,HG02384,19,2811,2719,8875,10896,10492,16510
CDX,HG02385,19,2757,2661,8790,10981,10348,16564
CDX,HG02386,19,2713,2701,8731,11040,10598,16608
CDX,HG02389,19,2838,2794,8629,11142,10636,16483
CDX,HG02390,19,2768,2757,8791,10980,10630,16553
CDX,HG02391,19,2755,2827,8665,11106,10578,16566
CDX,HG02392,19,2651,2597,8877,10894,10507,16670
CDX,HG02394,19,2479,2726,9005,10766,10321,16842
CDX,HG02395,19,2784,2610,8855,10916,10523,16537
CDX,HG02396,19,2821,2688,8832,10939,10213,16500
CDX,HG02397,19,2794,2671,8829,10942,10369,16527
CDX,HG02398,19,2765,2845,8652,11119,10793,16556
CDX,HG02399,19,2773,2709,8854,10917,10400,16548
CDX,HG02401,19,2735,2687,8795,10976,10564,16586
CDX,HG02402,19,2635,2593,8913,10858,10341,16686
CDX,HG02406,19,2812,2758,8655,11116,10786,16509
CDX,HG02407,19,2928,2711,8680,11091,10420,16393
CDX,HG02408,19,2753,2698,8731,11040,10738,16568
CDX,HG02409,19,2707,2677,8895,10876,10445,16614
CDX,HG02410,19,2751,2602,8999,10772,10268,16570
JPT,NA18939,19,2636,2654,8936,10835,10594,16685
JPT,NA18940,19,2631,2715,8830,10941,10435,16690
JPT,NA18941,19,2742,2836,8700,11071,10583,16579
JPT,NA18942,19,2756,2714,8498,11273,10766,16565
JPT,NA18943,19,2702,2679,8813,10958,10359,16619
JPT,NA18944,19,2772,2639,8795,10976,10398,16549
JPT,NA18945,19,2792,2639,8728,11043,10561,16529
JPT,NA18946,19,2709,2673,8764,11007,10562,16612
JPT,NA18947,19,2609,2727,8845,10926,10514,16712
JPT,NA18948,19,2682,2706,8773,10998,10625,16639
JPT,NA18949,19,2751,2677,8731,11040,10521,16570
JPT,NA18950,19,2597,2661,8876,10895,10489,16724
JPT,NA18951,19,2665,2689,8817,10954,10493,16656
JPT,NA18952,19,2718,2555,8997,10774,10296,16603
JPT,NA18953,19,2811,2739,8641,11130,10625,16510
JPT,NA18954,19,2683,2754,8719,11052,10610,16638
JPT,NA18956,19,2722,2569,8731,11040,10385,16599
JPT,NA18957,19,2805,2593,8799,10972,10379,16516
JPT,NA18959,19,2685,2785,8674,11097,10881,16636
JPT,NA18960,19,2917,2748,8454,11317,10668,16404
JPT,NA18961,19,2637,2658,8944,10827,10356,16684
JPT,NA18962,19,2564,2721,9014,10757,10545,16757
JPT,NA18963,19,2672,2682,9010,10761,10327,16649
JPT,NA18964,19,2554,2697,9091,10680,10287,16767
JPT,NA18965,19,2616,2671,8943,10828,10575,16705
JPT,NA18966,19,2709,2724,8567,11204,10583,16612
JPT,NA18967,19,2752,2735,8567,11204,10731,16569
JPT,NA18968,19,2653,2604,8777,10994,10478,16668
JPT,NA18969,19,2789,2672,8658,11113,10423,16532
JPT,NA18970,19,2628,2648,8941,10830,10244,16693
JPT,NA18971,19,2736,2738,8816,10955,10693,16585
JPT,NA18972,19,2838,2746,8631,11140,10787,16483
JPT,NA18973,19,2895,2602,8688,11083,10365,16426
JPT,NA18974,19,2731,2688,8580,11191,10705,16590
JPT,NA18975,19,2925,2752,8536,11235,10633,16396
JPT,NA18976,19,2798,2668,8785,10986,10536,16523
JPT,NA18977,19,2828,2621,8765,11006,10291,16493
JPT,NA18978,19,2889,2698,8772,10999,10441,16432
JPT,NA18979,19,2646,2781,8705,11066,10637,16675
JPT,NA18980,19,2850,2623,8727,11044,10455,16471
JPT,NA18981,19,2770,2751,8692,11079,10748,16551
JPT,NA18982,19,2626,2828,8812,10959,10722,16695
JPT,NA18983,19,2727,2688,8687,11084,10675,16594
JPT,NA18984,19,2595,2663,8868,10903,10469,16726
JPT,NA18985,19,2683,2669,8736,11035,10367,16638
JPT,NA18986,19,2625,2648,8942,10829,10360,16696
JPT,NA18987,19,2768,2730,8722,11049,10613,16553
JPT,NA18988,19,2582,2677,9002,10769,10542,16739
JPT,NA18989,19,2752,2613,8825,10946,10446,16569
JPT,NA18990,19,2860,2590,8748,11023,10337,16461
JPT,NA18991,19,2776,2807,8762,11009,10571,16545
JPT,NA18992,19,2722,2637,8847,10924,10409,16599
JPT,NA18993,19,2735,2671,8739,11032,10600,16586
JPT,NA18994,19,2743,2786,8890,10881,10451,16578
JPT,NA18995,19,2695,2677,8717,11054,10452,16626
JPT,NA18997,19,2585,2712,8992,10779,10556,16736
JPT,NA18998,19,2767,2725,8566,11205,10833,16554
JPT,NA18999,19,2587,2734,8915,10856,10476,16734
JPT,NA19000,19,2648,2731,8838,10933,10612,16673
JPT,NA19001,19,2767,2795,8594,11177,10762,16554
JPT,NA19002,19,2765,2703,8840,10931,10463,16556
JPT,NA19003,19,2769,2737,8770,11001,10461,16552
JPT,NA19004,19,2629,2793,8963,10808,10532,16692
JPT,NA19005,19,2570,2548,8800,10971,10557,16751
JPT,NA19006,19,2728,2730,8729,11042,10445,16593
JPT,NA19007,19,2600,2735,8818,10953,10409,16721
JPT,NA19009,19,2648,2651,8916,10855,10445,16673
JPT,NA19010,19,2751,2662,8642,11129,10339,16570
JPT,NA19011,19,2640,2633,8881,10890,10353,16681
JPT,NA19012,19,2622,2816,8904,10867,10552,16699
JPT,NA19054,19,2932,2564,8750,11021,10114,16389
JPT,NA19055,19,2626,2659,8873,10898,10439,16695
JPT,NA19056,19,2807,2642,8642,11129,10644,16514
JPT,NA19057,19,2782,2781,8635,11136,10741,16539
JPT,NA19058,19,2731,2845,8644,11127,10762,16590
JPT,NA19059,19,2729,2723,8843,10928,10501,16592
JPT,NA19060,19,2664,2672,8962,10809,10265,16657
JPT,NA19062,19,2769,2657,8743,11028,10492,16552
JPT,NA19063,19,2628,2705,8932,10839,10510,16693
JPT,NA19064,19,2644,2741,8885,10886,10675,16677
JPT,NA19065,19,2766,2672,8823,10948,10728,16555
JPT,NA19066,19,2692,2743,8742,11029,10510,16629
JPT,NA19067,19,2637,2737,8806,10965,10631,16684
JPT,NA19068,19,2773,2672,8745,11026,10574,16548
JPT,NA19070,19,2794,2733,8746,11025,10449,16527
JPT,NA19072,19,2730,2733,8942,10829,10647,16591
JPT,NA19074,19,2821,2684,8610,11161,10602,16500
JPT,NA19075,19,2643,2750,8768,11003,10481,16678
JPT,NA19076,19,2716,2635,8748,11023,10416,16605
JPT,NA19077,19,2808,2687,8662,11109,10545,16513
JPT,NA19078,19,2846,2613,8717,11054,10435,16475
JPT,NA19079,19,2599,2654,8993,10778,10283,16722
JPT,NA19080,19,2741,2686,8733,11038,10436,16580
JPT,NA19081,19,2634,2712,8856,10915,10484,16687
JPT,NA19082,19,2775,2682,8817,10954,10446,16546
JPT,NA19083,19,2770,2729,8597,11174,10774,16551
JPT,NA19084,19,2639,2745,8850,10921,10654,16682
JPT,NA19085,19,2737,2667,8787,10984,10468,16584
JPT,NA19086,19,2720,2812,8733,11038,10742,16601
JPT,NA19087,19,2679,2685,8893,10878,10405,16642
JPT,NA19088,19,2687,2706,8647,11124,10641,16634
JPT,NA19089,19,2814,2672,8651,11120,10664,16507
JPT,NA19090,19,2798,2623,8676,11095,10470,16523
JPT,NA19091,19,2728,2723,8803,10968,10629,16593
KHV,HG01595,19,2729,2702,8749,11022,10451,16592
KHV,HG01596,19,2824,2739,8768,11003,10568,16497
KHV,HG01597,19,2896,2664,8687,11084,10534,16425
KHV,HG01598,19,2704,2691,8736,11035,10517,16617
KHV,HG01599,19,2733,2674,8787,10984,10439,16588
KHV,HG01600,19,2831,2801,8651,11120,10569,16490
KHV,HG01840,19,2785,2572,8855,10916,10326,16536
KHV,HG01841,19,2706,2698,8773,10998,10527,16615
KHV,HG01842,19,2757,2703,8885,10886,10474,16564
KHV,HG01843,19,2709,2635,8940,10831,10425,16612
KHV,HG01844,19,2776,2700,8785,10986,10542,16545
KHV,HG01845,19,2715,2704,8834,10937,10544,16606
KHV,HG01846,19,2740,2574,9050,10721,10133,16581
KHV,HG01847,19,2609,2753,8849,10922,10640,16712
KHV,HG01848,19,3052,2645,8678,11093,10365,16269
KHV,HG01849,19,2775,2692,8750,11021,10457,16546
KHV,HG01850,19,2799,2639,8698,11073,10487,16522
KHV,HG01851,19,2773,2740,8643,11128,10690,16548
KHV,HG01852,19,2773,2693,8906,10865,10244,16548
KHV,HG01853,19,2795,2749,8692,11079,10679,16526
KHV,HG01855,19,2804,2658,8851,10920,10472,16517
KHV,HG01857,19,2911,2666,8773,10998,10431,16410
KHV,HG01858,19,2798,2727,8792,10979,10532,16523
KHV,HG01859,19,2772,2708,8769,11002,10491,16549
KHV,HG01860,19,2675,2708,8777,10994,10692,16646
KHV,HG01861,19,2752,2603,8878,10893,10219,16569
KHV,HG01862,19,2797,2682,8977,10794,10346,16524
KHV,HG01863,19,2847,2663,8845,10926,10406,16474
KHV,HG01864,19,2677,2722,8733,11038,10749,16644
KHV,HG01865,19,2824,2707,8716,11055,10572,16497
KHV,HG01866,19,2881,2677,8703,11068,10511,16440
KHV,HG01867,19,2862,2623,8633,11138,10395,16459
KHV,HG01868,19,2650,2733,8932,10839,10481,16671
KHV,HG01869,19,2707,2769,8551,11220,10914,16614
KHV,HG01870,19,2683,2772,8687,11084,10825,16638
KHV,HG01871,19,2786,2673,8752,11019,10562,16535
KHV,HG01872,19,2693,2677,8809,10962,10555,16628
KHV,HG01873,19,2693,2585,8831,10940,10500,16628
KHV,HG01874,19,2699,2695,8823,10948,10500,16622
KHV,HG01878,19,2616,2649,8735,11036,10570,16705
KHV,HG02016,19,2636,2747,8699,11072,10557,16685
KHV,HG02017,19,2783,2806,8696,11075,10543,16538
KHV,HG02019,19,2782,2677,8823,10948,10535,16539
KHV,HG02020,19,2842,2652,8646,11125,10538,16479
KHV,HG02023,19,2860,2686,8768,11003,10405,16461
KHV,HG02025,19,2806,2651,8706,11065,10672,16515
KHV,HG02026,19,2818,2602,8823,10948,10589,16503
KHV,HG02028,19,2701,2729,9007,10764,10626,16620
KHV,HG02029,19,2725,2661,8754,11017,10528,16596
KHV,HG02031,19,2779,2704,8816,10955,10460,16542
KHV,HG02032,19,2766,2704,9154,10617,10261,16555
KHV,HG02035,19,2865,2576,8936,10835,10183,16456
KHV,HG02040,19,2746,2579,8769,11002,10425,16575
KHV,HG02047,19,2916,2704,8563,11208,10615,16405
KHV,HG02048,19,2905,2561,8817,10954,10340,16416
KHV,HG02049,19,2730,2685,8712,11059,10671,16591
KHV,HG02050,19,2772,2733,8626,11145,10864,16549
KHV,HG02057,19,2778,2756,8665,11106,10555,16543
KHV,HG02058,19,2708,2780,8707,11064,10609,16613
KHV,HG02060,19,2676,2739,8930,10841,10467,16645
KHV,HG02061,19,2889,2701,8820,10951,10436,16432
KHV,HG02064,19,2892,2730,8616,11155,10478,16429
KHV,HG02067,19,2795,2709,8647,11124,10509,16526
KHV,HG02069,19,2869,2677,8732,11039,10431,16452
KHV,HG02070,19,2665,2585,9096,10675,10244,16656
KHV,HG02072,19,2691,2773,8776,10995,10674,16630
KHV,HG02073,19,2747,2744,8877,10894,10432,16574
KHV,HG02075,19,2759,2678,8887,10884,10576,16562
KHV,HG02076,19,2813,2749,8677,11094,10698,16508
KHV,HG02078,19,2956,2671,8660,11111,10455,16365
KHV,HG02079,19,2820,2660,8734,11037,10403,16501
KHV,HG02081,19,2728,2778,8700,11071,10881,16593
KHV,HG02082,19,2739,2789,8836,10935,10547,16582
KHV,HG02084,19,2684,2698,8674,11097,10626,16637
KHV,HG02085,19,2757,2632,8667,11104,10561,16564
KHV,HG02086,19,2871,2746,8752,11019,10509,16450
KHV,HG02087,19,2537,2738,8891,10880,10471,16784
KHV,HG02088,19,2666,2639,8764,11007,10465,16655
KHV,HG02113,19,2780,2642,8786,10985,10330,16541
KHV,HG02116,19,2837,2713,8610,11161,10729,16484
KHV,HG02121,19,2680,2788,8877,10894,10549,16641
KHV,HG02122,19,2779,2790,8668,11103,10737,16542
KHV,HG02127,19,2876,2715,8622,11149,10758,16445
KHV,HG02128,19,2595,2641,9099,10672,10300,16726
KHV,HG02130,19,2799,2735,8651,11120,10543,16522
KHV,HG02131,19,2766,2681,8730,11041,10532,16555
KHV,HG02133,19,2842,2670,8699,11072,10442,16479
KHV,HG02134,19,2904,2692,8479,11292,10625,16417
KHV,HG02136,19,2760,2662,8970,10801,10313,16561
KHV,HG02137,19,2753,2609,8692,11079,10345,16568
KHV,HG02138,19,2854,2710,8733,11038,10579,16467
KHV,HG02139,19,2746,2602,8845,10926,10225,16575
KHV,HG02140,19,2910,2660,8600,11171,10485,16411
KHV,HG02141,19,2761,2748,8725,11046,10767,16560
KHV,HG02142,19,2882,2671,8582,11189,10402,16439
KHV,HG02512,19,2810,2696,8749,11022,10483,16511
KHV,HG02513,19,2758,2666,8796,10975,10547,16563
KHV,HG02521,19,2695,2722,8914,10857,10415,16626
KHV,HG02522,19,2646,2737,8907,10864,10434,16675
BEB,HG03006,19,2733,2748,8655,11116,10658,16588
BEB,HG03007,19,2714,2699,8779,10992,10505,16607
BEB,HG03009,19,2657,2751,8736,11035,10817,16664
BEB,HG03012,19,2792,2718,8530,11241,10703,16529
BEB,HG03585,19,2651,2756,8739,11032,10694,16670
BEB,HG03589,19,2623,2764,8753,11018,10635,16698
BEB,HG03593,19,2728,2754,8551,11220,10809,16593
BEB,HG03594,19,2766,2824,8674,11097,10815,16555
BEB,HG03595,19,2832,2628,8913,10858,10297,16489
BEB,HG03598,19,2657,2679,8777,10994,10518,16664
BEB,HG03600,19,2710,2765,8885,10886,10602,16611
BEB,HG03603,19,2683,2642,8783,10988,10757,16638
BEB,HG03604,19,2665,2713,8720,11051,10498,16656
BEB,HG03607,19,2633,2820,8835,10936,10736,16688
BEB,HG03611,19,2798,2660,8713,11058,10595,16523
BEB,HG03615,19,2735,2821,8772,10999,10776,16586
BEB,HG03616,19,2742,2827,8786,10985,10757,16579
BEB,HG03793,19,2692,2708,8827,10944,10517,16629
BEB,HG03796,19,2787,2688,8694,11077,10642,16534
BEB,HG03800,19,2818,2791,8534,11237,10725,16503
BEB,HG03802,19,2657,2728,8860,10911,10596,16664
BEB,HG03803,19,2775,2587,8636,11135,10701,16546
BEB,HG03805,19,2760,2802,8732,11039,10529,16561
BEB,HG03808,19,2629,2771,8773,10998,10566,16692
BEB,HG03809,19,2619,2699,8953,10818,10586,16702
BEB,HG03812,19,2743,2605,8800,10971,10323,16578
BEB,HG03814,19,2699,2604,8924,10847,10397,16622
BEB,HG03815,19,2693,2746,8816,10955,10767,16628
BEB,HG03817,19,2873,2845,8605,11166,10733,16448
BEB,HG03821,19,2860,2770,8604,11167,10626,16461
BEB,HG03823,19,2678,2762,8830,10941,10517,16643
BEB,HG03824,19,2690,2763,8963,10808,10479,16631
BEB,HG03826,19,2816,2747,8601,11170,10787,16505
BEB,HG03829,19,2714,2688,8824,10947,10543,16607
BEB,HG03830,19,2781,2852,8379,11392,10947,16540
BEB,HG03832,19,2681,2625,8822,10949,10461,16640
BEB,HG03833,19,2676,2664,8759,11012,10552,16645
BEB,HG03902,19,2672,2726,8719,11052,10554,16649
BEB,HG03905,19,2837,2629,8667,11104,10400,16484
BEB,HG03907,19,2668,2752,8846,10925,10569,16653
BEB,HG03908,19,2761,2845,8558,11213,10600,16560
BEB,HG03910,19,2826,2670,8778,10993,10438,16495
BEB,HG03911,19,2700,2669,8609,11162,10542,16621
BEB,HG03913,19,2928,2823,8516,11255,10714,16393
BEB,HG03914,19,2841,2775,8692,11079,10529,16480
BEB,HG03916,19,2686,2793,8679,11092,10675,16635
BEB,HG03917,19,2755,2737,8676,11095,10667,16566
BEB,HG03919,19,2752,2709,8728,11043,10471,16569
BEB,HG03920,19,2720,2628,8641,11130,10620,16601
BEB,HG03922,19,2698,2620,8826,10945,10447,16623
BEB,HG03925,19,2633,2800,8751,11020,10863,16688
BEB,HG03926,19,2740,2647,8674,11097,10647,16581
BEB,HG03928,19,2723,2632,8932,10839,10432,16598
BEB,HG03931,19,2763,2699,8769,11002,10542,16558
BEB,HG03934,19,2689,2566,8752,11019,10364,16632
BEB,HG03937,19,2707,2699,9071,10700,10445,16614
BEB,HG03940,19,2732,2716,8529,11242,10795,16589
BEB,HG03941,19,2819,2757,8774,10997,10532,16502
BEB,HG04131,19,2849,2710,8530,11241,10670,16472
BEB,HG04134,19,2776,2612,8691,11080,10508,16545
BEB,HG04140,19,2930,2740,8563,11208,10501,16391
BEB,HG04141,19,2829,2694,8734,11037,10456,16492
BEB,HG04144,19,2838,2713,8656,11115,10769,16483
BEB,HG04146,19,2686,2683,8533,11238,10668,16635
BEB,HG04152,19,2692,2557,8909,10862,10485,16629
BEB,HG04153,19,2831,2742,8714,11057,10545,16490
BEB,HG04155,19,2925,2737,8596,11175,10371,16396
BEB,HG04156,19,2879,2761,8816,10955,10676,16442
BEB,HG04158,19,2622,2672,8788,10983,10642,16699
BEB,HG04159,19,2700,2777,8658,11113,10708,16621
BEB,HG04161,19,2683,2653,8878,10893,10497,16638
BEB,HG04162,19,2767,2675,8706,11065,10585,16554
BEB,HG04164,19,2845,2754,8718,11053,10704,16476
BEB,HG04171,19,2721,2845,8724,11047,10841,16600
BEB,HG04173,19,2668,2621,8644,11127,10640,16653
BEB,HG04176,19,2636,2620,8921,10850,10585,16685
BEB,HG04177,19,2670,2703,8868,10903,10599,16651
BEB,HG04180,19,2792,2682,8677,11094,10502,16529
BEB,HG04182,19,2889,2716,8580,11191,10593,16432
BEB,HG04183,19,2798,2710,8439,11332,10685,16523
BEB,HG04185,19,2768,2726,8746,11025,10488,16553
BEB,HG04186,19,2690,2746,8859,10912,10757,16631
BEB,HG04188,19,2752,2748,8791,10980,10525,16569
BEB,HG04189,19,2861,2807,8397,11374,10752,16460
BEB,HG04194,19,2693,2770,8770,11001,10548,16628
BEB,HG04195,19,2716,2692,8820,10951,10590,16605
GIH,NA20845,19,2746,2773,8768,11003,10861,16575
GIH,NA20846,19,2703,2692,8799,10972,10579,16618
GIH,NA20847,19,2692,2751,8761,11010,10794,16629
GIH,NA20849,19,2661,2615,8992,10779,10523,16660
GIH,NA20850,19,2678,2668,8668,11103,10530,16643
GIH,NA20851,19,2728,2740,8703,11068,10682,16593
GIH,NA20852,19,2822,2783,8550,11221,10755,16499
GIH,NA20853,19,2699,2777,8732,11039,10607,16622
GIH,NA20854,19,2776,2783,8679,11092,10582,16545
GIH,NA20856,19,2668,2698,8924,10847,10367,16653
GIH,NA20858,19,2719,2715,8775,10996,10617,16602
GIH,NA20859,19,2962,2700,8638,11133,10618,16359
GIH,NA20861,19,2738,2606,8783,10988,10617,16583
GIH,NA20862,19,2608,2794,8808,10963,10635,16713
GIH,NA20863,19,2678,2773,8766,11005,10539,16643
GIH,NA20864,19,2710,2637,8891,10880,10562,16611
GIH,NA20866,19,2593,2606,8939,10832,10461,16728
GIH,NA20867,19,2716,2628,8812,10959,10516,16605
GIH,NA20868,19,2740,2723,8619,11152,10822,16581
GIH,NA20869,19,2647,2765,8727,11044,10674,16674
GIH,NA20870,19,2848,2771,8642,11129,10643,16473
GIH,NA20872,19,2817,2738,8709,11062,10387,16504
GIH,NA20874,19,2918,2713,8515,11256,10558,16403
GIH,NA20875,19,2712,2721,8737,11034,10695,16609
GIH,NA20876,19,2726,2728,8743,11028,10391,16595
GIH,NA20877,19,2713,2788,8611,11160,10712,16608
GIH,NA20878,19,2789,2644,8685,11086,10702,16532
GIH,NA20881,19,2840,2710,8708,11063,10498,16481
GIH,NA20882,19,2765,2712,8651,11120,10599,16556
GIH,NA20884,19,2628,2729,8870,10901,10656,16693
GIH,NA20885,19,2814,2824,8398,11373,10968,16507
GIH,NA20886,19,2689,2768,8742,11029,10580,16632
GIH,NA20887,19,2745,2789,8758,11013,10564,16576
GIH,NA20888,19,2629,2640,8774,10997,10606,16692
GIH,NA20889,19,2793,2788,8546,11225,10922,16528
GIH,NA20890,19,2901,2694,8592,11179,10473,16420
GIH,NA20891,19,2705,2775,8788,10983,10728,16616
GIH,NA20892,19,2709,2681,8675,11096,10787,16612
GIH,NA20894,19,2708,2742,8818,10953,10710,16613
GIH,NA20895,19,2695,2870,8656,11115,10803,16626
GIH,NA20896,19,2597,2759,8949,10822,10684,16724
GIH,NA20897,19,2833,2732,8745,11026,10548,16488
GIH,NA20899,19,2759,2755,8770,11001,10609,16562
GIH,NA20900,19,2692,2804,8616,11155,10818,16629
GIH,NA20901,19,2841,2666,8739,11032,10485,16480
GIH,NA20902,19,2873,2738,8834,10937,10432,16448
GIH,NA20903,19,2756,2788,8745,11026,10902,16565
GIH,NA20904,19,2591,2909,8861,10910,10702,16730
GIH,NA20905,19,2721,2749,8782,10989,10564,16600
GIH,NA20906,19,2808,2698,8726,11045,10708,16513
GIH,NA20908,19,2673,2674,8923,10848,10506,16648
GIH,NA20910,19,2767,2700,8786,10985,10524,16554
GIH,NA20911,19,2695,2736,8651,11120,10850,16626
GIH,NA21086,19,2655,2695,8860,10911,10630,16666
GIH,NA21087,19,2727,2651,8716,11055,10644,16594
GIH,NA21088,19,2724,2643,8746,11025,10435,16597
GIH,NA21089,19,2720,2746,8861,10910,10580,16601
GIH,NA21090,19,2737,2706,8610,11161,10755,16584
GIH,NA21091,19,2798,2750,8598,11173,10900,16523
GIH,NA21092,19,2881,2757,8505,11266,10646,16440
GIH,NA21093,19,2702,2783,8832,10939,10812,16619
GIH,NA21094,19,2613,2672,9120,10651,10527,16708
GIH,NA21095,19,2798,2623,8882,10889,10431,16523
GIH,NA21097,19,2862,2598,8581,11190,10660,16459
GIH,NA21098,19,2763,2767,8699,11072,10717,16558
GIH,NA21099,19,2618,2674,8838,10933,10390,16703
GIH,NA21100,19,2768,2799,8607,11164,10874,16553
GIH,NA21101,19,2546,2677,9022,10749,10591,16775
GIH,NA21102,19,2664,2654,8831,10940,10339,16657
GIH,NA21103,19,2733,2775,8743,11028,10739,16588
GIH,NA21104,19,2718,2745,8581,11190,10729,16603
GIH,NA21105,19,2813,2807,8468,11303,10933,16508
GIH,NA21106,19,2610,2759,8722,11049,10664,16711
GIH,NA21107,19,2768,2858,8683,11088,10757,16553
GIH,NA21108,19,2653,2840,8866,10905,10773,16668
GIH,NA21109,19,2718,2819,8632,11139,10870,16603
GIH,NA21110,19,2816,2780,8696,11075,10633,16505
GIH,NA21111,19,2801,2654,8774,10997,10472,16520
GIH,NA21112,19,2683,2792,8746,11025,10683,16638
GIH,NA21113,19,2803,2700,8826,10945,10518,16518
GIH,NA21114,19,2760,2699,8889,10882,10622,16561
GIH,NA21115,19,2849,2760,8546,11225,10887,16472
GIH,NA21116,19,2724,2693,8830,10941,10346,16597
GIH,NA21117,19,2736,2628,8759,11012,10696,16585
GIH,NA21118,19,2762,2787,8711,11060,10658,16559
GIH,NA21119,19,2743,2665,8799,10972,10524,16578
GIH,NA21120,19,2830,2819,8654,11117,10634,16491
GIH,NA21122,19,2736,2885,8630,11141,10774,16585
GIH,NA21123,19,2915,2688,8517,11254,10569,16406
GIH,NA21124,19,2665,2881,8726,11045,10747,16656
GIH,NA21125,19,2810,2754,8670,11101,10598,16511
GIH,NA21126,19,2784,2684,8666,11105,10630,16537
GIH,NA21127,19,2724,2760,8626,11145,10868,16597
GIH,NA21128,19,2832,2647,8661,11110,10615,16489
GIH,NA21129,19,2836,2715,8607,11164,10764,16485
GIH,NA21130,19,2744,2676,8780,10991,10566,16577
GIH,NA21133,19,2895,2706,8530,11241,10628,16426
GIH,NA21135,19,2773,2821,8763,11008,10795,16548
GIH,NA21137,19,2753,2634,8717,11054,10712,16568
GIH,NA21141,19,2625,2785,8756,11015,10915,16696
GIH,NA21142,19,2835,2732,8363,11408,10794,16486
GIH,NA21143,19,2729,2757,8683,11088,10884,16592
GIH,NA21144,19,2635,2813,8807,10964,10981,16686
ITU,HG03713,19,2755,2648,8584,11187,10475,16566
ITU,HG03714,19,2735,2642,8712,11059,10426,16586
ITU,HG03716,19,2721,2825,8831,10940,10695,16600
ITU,HG03717,19,2811,2728,8634,11137,10877,16510
ITU,HG03718,19,2832,2680,8586,11185,10573,16489
ITU,HG03720,19,2721,2655,8810,10961,10772,16600
ITU,HG03722,19,2766,2662,8813,10958,10632,16555
ITU,HG03727,19,2743,2764,8701,11070,10679,16578
ITU,HG03729,19,2653,2771,8887,10884,10501,16668
ITU,HG03730,19,2862,2574,8682,11089,10353,16459
ITU,HG03731,19,2625,2674,8835,10936,10711,16696
ITU,HG03742,19,2782,2646,8653,11118,10530,16539
ITU,HG03770,19,2812,2778,8520,11251,10662,16509
ITU,HG03771,19,2748,2633,8826,10945,10535,16573
ITU,HG03772,19,2777,2848,8675,11096,10788,16544
ITU,HG03773,19,2602,2768,8942,10829,10617,16719
ITU,HG03774,19,2747,2731,8532,11239,10677,16574
ITU,HG03775,19,2738,2673,8740,11031,10434,16583
ITU,HG03777,19,2774,2721,8551,11220,10743,16547
ITU,HG03778,19,2752,2763,8743,11028,10683,16569
ITU,HG03779,19,2793,2748,8643,11128,10685,16528
ITU,HG03780,19,2626,2699,9004,10767,10577,16695
ITU,HG03781,19,2756,2806,8587,11184,10845,16565
ITU,HG03782,19,2859,2577,8712,11059,10400,16462
ITU,HG03784,19,2803,2649,8674,11097,10490,16518
ITU,HG03785,19,2755,2629,8698,11073,10531,16566
ITU,HG03786,19,2577,2686,8775,10996,10649,16744
ITU,HG03787,19,2735,2785,8777,10994,10658,16586
ITU,HG03788,19,2766,2753,8821,10950,10604,16555
ITU,HG03789,19,2620,2571,8946,10825,10394,16701
ITU,HG03790,19,2806,2746,8679,11092,10555,16515
ITU,HG03792,19,2599,2708,8699,11072,10681,16722
ITU,HG03861,19,2813,2760,8604,11167,10835,16508
ITU,HG03862,19,2728,2695,8658,11113,10798,16593
ITU,HG03863,19,2809,2776,8647,11124,10679,16512
ITU,HG03864,19,2701,2762,8630,11141,10838,16620
ITU,HG03866,19,2660,2636,8774,10997,10711,16661
ITU,HG03867,19,2688,2725,8753,11018,10573,16633
ITU,HG03868,19,2775,2708,8729,11042,10555,16546
ITU,HG03869,19,2627,2672,8933,10838,10523,16694
ITU,HG03870,19,2799,2787,8595,11176,10724,16522
ITU,HG03871,19,2812,2739,8641,11130,10682,16509
ITU,HG03872,19,2824,2849,8592,11179,10829,16497
ITU,HG03873,19,2734,2726,8725,11046,10722,16587
ITU,HG03874,19,2756,2745,8668,11103,10592,16565
ITU,HG03875,19,2777,2709,8753,11018,10470,16544
ITU,HG03882,19,2667,2602,8801,10970,10469,16654
ITU,HG03960,19,2708,2725,9001,10770,10440,16613
ITU,HG03963,19,2725,2732,8761,11010,10636,16596
ITU,HG03965,19,2778,2774,8645,11126,10655,16543
ITU,HG03967,19,2580,2711,8892,10879,10587,16741
ITU,HG03968,19,2781,2803,8527,11244,10841,16540
ITU,HG03969,19,2806,2733,8674,11097,10457,16515
ITU,HG03971,19,2741,2753,8767,11004,10619,16580
ITU,HG03973,19,2667,2742,8827,10944,10515,16654
ITU,HG03974,19,2761,2709,8632,11139,10734,16560
ITU,HG03976,19,2704,2744,8857,10914,10519,16617
ITU,HG03977,19,2609,2714,8969,10802,10455,16712
ITU,HG03978,19,2709,2708,8843,10928,10832,16612
ITU,HG04001,19,2570,2616,8864,10907,10439,16751
ITU,HG04002,19,2720,2794,8626,11145,10815,16601
ITU,HG04014,19,2830,2735,8705,11066,10648,16491
ITU,HG04015,19,2867,2635,8583,11188,10353,16454
ITU,HG04017,19,2657,2710,8771,11000,10705,16664
ITU,HG04018,19,2701,2702,8625,11146,10665,16620
ITU,HG04019,19,2751,2703,8729,11042,10602,16570
ITU,HG04020,19,2649,2755,8789,10982,10557,16672
ITU,HG04022,19,2636,2714,8693,11078,10702,16685
ITU,HG04023,19,2696,2655,8817,10954,10731,16625
ITU,HG04025,19,2823,2664,8575,11196,10658,16498
ITU,HG04026,19,2655,2646,8651,11120,10634,16666
ITU,HG04054,19,2697,2724,8592,11179,10787,16624
ITU,HG04056,19,2728,2684,8879,10892,10572,16593
ITU,HG04059,19,2612,2787,8824,10947,10643,16709
ITU,HG04060,19,2598,2665,8945,10826,10489,16723
ITU,HG04061,19,2832,2804,8568,11203,10910,16489
ITU,HG04062,19,2751,2694,8775,10996,10608,16570
ITU,HG04063,19,2669,2738,8836,10935,10352,16652
ITU,HG04070,19,2784,2823,8740,11031,10821,16537
ITU,HG04076,19,2844,2756,8628,11143,10591,16477
ITU,HG04080,19,2849,2716,8507,11264,10683,16472
ITU,HG04090,19,2748,2724,8674,11097,10675,16573
ITU,HG04093,19,2668,2731,8849,10922,10662,16653
ITU,HG04094,19,2762,2519,8760,11011,10399,16559
ITU,HG04096,19,2781,2759,8718,11053,10645,16540
ITU,HG04098,19,2780,2683,8747,11024,10693,16541
ITU,HG04118,19,2762,2635,8688,11083,10410,16559
ITU,HG04198,19,2821,2710,8726,11045,10498,16500
ITU,HG04200,19,2677,2666,8794,10977,10784,16644
ITU,HG04202,19,2840,2770,8789,10982,10497,16481
ITU,HG04206,19,2795,2782,8630,11141,10645,16526
ITU,HG04209,19,2712,2796,8854,10917,10577,16609
ITU,HG04211,19,2768,2725,8595,11176,10698,16553
ITU,HG04212,19,2722,2802,8566,11205,10691,16599
ITU,HG04214,19,2678,2854,8601,11170,10930,16643
ITU,HG04216,19,2591,2738,8858,10913,10660,16730
ITU,HG04219,19,2828,2614,8827,10944,10372,16493
ITU,HG04222,19,2700,2838,8663,11108,10963,16621
ITU,HG04225,19,2821,2697,8665,11106,10543,16500
ITU,HG04235,19,2679,2721,8700,11071,10624,16642
ITU,HG04238,19,2631,2648,8849,10922,10557,16690
ITU,HG04239,19,2750,2681,8613,11158,10630,16571
PJL,HG01583,19,2688,2780,8779,10992,10645,16633
PJL,HG01586,19,2701,2753,8769,11002,10745,16620
PJL,HG01589,19,2854,2659,8626,11145,10455,16467
PJL,HG01593,19,2596,2700,8891,10880,10347,16725
PJL,HG02490,19,2833,2819,8653,11118,10688,16488
PJL,HG02491,19,2704,2835,8738,11033,10934,16617
PJL,HG02493,19,2582,2793,8832,10939,10624,16739
PJL,HG02494,19,2696,2781,8712,11059,10795,16625
PJL,HG02597,19,2821,2739,8653,11118,10594,16500
PJL,HG02600,19,2658,2726,8840,10931,10683,16663
PJL,HG02601,19,2797,2603,8779,10992,10579,16524
PJL,HG02603,19,2693,2746,8649,11122,10795,16628
PJL,HG02604,19,2611,2718,8852,10919,10457,16710
PJL,HG02648,19,2695,2713,8857,10914,10732,16626
PJL,HG02649,19,2752,2795,8644,11127,10689,16569
PJL,HG02651,19,2753,2791,8568,11203,10745,16568
PJL,HG02652,19,2750,2735,8790,10981,10617,16571
PJL,HG02654,19,2530,2723,8796,10975,10695,16791
PJL,HG02655,19,2850,2865,8567,11204,10731,16471
PJL,HG02657,19,2658,2738,8874,10897,10675,16663
PJL,HG02658,19,2600,2767,8756,11015,10935,16721
PJL,HG02660,19,2606,2724,8776,10995,10730,16715
PJL,HG02661,19,2791,2582,8783,10988,10319,16530
PJL,HG02681,19,2738,2795,8509,11262,10838,16583
PJL,HG02682,19,2645,2774,8675,11096,10838,16676
PJL,HG02684,19,2759,2746,8679,11092,10612,16562
PJL,HG02685,19,2724,2774,8626,11145,10879,16597
PJL,HG02687,19,2668,2777,8729,11042,10770,16653
PJL,HG02688,19,2743,2793,8672,11099,10824,16578
PJL,HG02690,19,2719,2757,8742,11029,10785,16602
PJL,HG02691,19,2593,2651,8904,10867,10437,16728
PJL,HG02694,19,2590,2680,8935,10836,10384,16731
PJL,HG02696,19,2717,2773,8836,10935,10503,16604
PJL,HG02697,19,2840,2787,8632,11139,10720,16481
PJL,HG02699,19,2543,2680,8788,10983,10708,16778
PJL,HG02700,19,2665,2798,8744,11027,10999,16656
PJL,HG02724,19,2699,2815,8849,10922,10550,16622
PJL,HG02725,19,2642,2814,8803,10968,10748,16679
PJL,HG02727,19,2731,2705,8836,10935,10720,16590
PJL,HG02728,19,2883,2684,8687,11084,10548,16438
PJL,HG02731,19,2691,2757,8657,11114,10685,16630
PJL,HG02733,19,2866,2702,8653,11118,10635,16455
PJL,HG02734,19,2573,2652,8924,10847,10569,16748
PJL,HG02736,19,2793,2802,8626,11145,10695,16528
PJL,HG02737,19,2734,2701,8621,11150,10578,16587
PJL,HG02774,19,2821,2696,8570,11201,10681,16500
PJL,HG02775,19,2804,2744,8551,11220,10917,16517
PJL,HG02778,19,2623,2774,9080,10691,10407,16698
PJL,HG02780,19,2533,2718,8889,10882,10644,16788
PJL,HG02783,19,2658,2762,8826,10945,10460,16663
PJL,HG02784,19,2734,2598,8796,10975,10588,16587
PJL,HG02786,19,2752,2764,8656,11115,10639,16569
PJL,HG02787,19,2812,2768,8686,11085,10565,16509
PJL,HG02789,19,2743,2875,8548,11223,10895,16578
PJL,HG02790,19,2773,2755,8640,11131,10761,16548
PJL,HG02792,19,2794,2788,8683,11088,10696,16527
PJL,HG02793,19,2715,2661,8725,11046,10655,16606
PJL,HG03015,19,2728,2800,8795,10976,10758,16593
PJL,HG03016,19,2716,2666,8831,10940,10609,16605
PJL,HG03018,19,2871,2830,8408,11363,10862,16450
PJL,HG03019,19,2772,2803,8660,11111,10725,16549
PJL,HG03021,19,2814,2605,8680,11091,10589,16507
PJL,HG03022,19,2830,2624,8707,11064,10508,16491
PJL,HG03228,19,2912,2716,8519,11252,10799,16409
PJL,HG03229,19,2852,2646,8769,11002,10481,16469
PJL,HG03234,19,2709,2799,8808,10963,10536,16612
PJL,HG03235,19,2687,2751,8828,10943,10705,16634
PJL,HG03237,19,2728,2632,8968,10803,10263,16593
PJL,HG03238,19,2700,2675,8979,10792,10471,16621
PJL,HG03488,19,2841,2745,8693,11078,10751,16480
PJL,HG03490,19,2675,2801,8767,11004,10722,16646
PJL,HG03491,19,2815,2793,8613,11158,10519,16506
PJL,HG03619,19,2908,2701,8673,11098,10487,16413
PJL,HG03624,19,2707,2732,8581,11190,10650,16614
PJL,HG03625,19,2736,2676,8618,11153,10664,16585
PJL,HG03629,19,2687,2782,8795,10976,10728,16634
PJL,HG03631,19,2829,2575,8792,10979,10558,16492
PJL,HG03634,19,2672,2653,8797,10974,10582,16649
PJL,HG03636,19,2637,2683,8771,11000,10453,16684
PJL,HG03640,19,2863,2676,8692,11079,10642,16458
PJL,HG03649,19,2764,2590,8737,11034,10601,16557
PJL,HG03652,19,2801,2629,8703,11068,10509,16520
PJL,HG03653,19,2524,2757,8911,10860,10595,16797
PJL,HG03660,19,2645,2676,8841,10930,10634,16676
PJL,HG03663,19,2823,2734,8603,11168,10796,16498
PJL,HG03667,19,2721,2646,8774,10997,10425,16600
PJL,HG03668,19,2822,2749,8789,10982,10701,16499
PJL,HG03702,19,2705,2808,8736,11035,10653,16616
PJL,HG03703,19,2836,2776,8431,11340,11012,16485
PJL,HG03705,19,2725,2820,8585,11186,11074,16596
PJL,HG03706,19,2804,2793,8491,11280,10774,16517
PJL,HG03708,19,2816,2756,8610,11161,10609,16505
PJL,HG03709,19,2735,2810,8691,11080,10742,16586
PJL,HG03762,19,2649,2678,8915,10856,10583,16672
PJL,HG03765,19,2682,2682,8892,10879,10435,16639
PJL,HG03767,19,2603,2732,8991,10780,10561,16718
STU,HG03642,19,2705,2628,8952,10819,10540,16616
STU,HG03643,19,2809,2640,8577,11194,10675,16512
STU,HG03644,19,2656,2695,8808,10963,10622,16665
STU,HG03645,19,2756,2702,8701,11070,10745,16565
STU,HG03646,19,2734,2700,8748,11023,10600,16587
STU,HG03672,19,2787,2793,8479,11292,10824,16534
STU,HG03673,19,2716,2722,8943,10828,10447,16605
STU,HG03679,19,2883,2825,8546,11225,10815,16438
STU,HG03680,19,2742,2721,8686,11085,10782,16579
STU,HG03681,19,2755,2577,8850,10921,10365,16566
STU,HG03684,19,2693,2656,8786,10985,10570,16628
STU,HG03685,19,2803,2663,8402,11369,10843,16518
STU,HG03686,19,2801,2671,8804,10967,10374,16520
STU,HG03687,19,2674,2731,8856,10915,10562,16647
STU,HG03689,19,2731,2742,8663,11108,10840,16590
STU,HG03690,19,2685,2576,9089,10682,10173,16636
STU,HG03691,19,2788,2810,8611,11160,10805,16533
STU,HG03692,19,2772,2651,8721,11050,10530,16549
STU,HG03693,19,2799,2650,8704,11067,10454,16522
STU,HG03694,19,2739,2770,8616,11155,10715,16582
STU,HG03695,19,2683,2606,8780,10991,10384,16638
STU,HG03696,19,2722,2688,8725,11046,10630,16599
STU,HG03697,19,2727,2670,8933,10838,10465,16594
STU,HG03698,19,2905,2782,8669,11102,10673,16416
STU,HG03711,19,2852,2573,8704,11067,10255,16469
STU,HG03733,19,2867,2735,8701,11070,10614,16454
STU,HG03736,19,2700,2757,8724,11047,10835,16621
STU,HG03738,19,2838,2667,8678,11093,10652,16483
STU,HG03740,19,2751,2656,8608,11163,10670,16570
STU,HG03741,19,2779,2641,8673,11098,10702,16542
STU,HG03743,19,2671,2772,8771,11000,10573,16650
STU,HG03744,19,2820,2749,8589,11182,10697,16501
STU,HG03745,19,2722,2636,8667,11104,10550,16599
STU,HG03746,19,2823,2657,8800,10971,10582,16498
STU,HG03750,19,2681,2747,8794,10977,10690,16640
STU,HG03752,19,2756,2683,8682,11089,10618,16565
STU,HG03753,19,2779,2681,8807,10964,10691,16542
STU,HG03754,19,2744,2771,8483,11288,10916,16577
STU,HG03755,19,2693,2818,8598,11173,10773,16628
STU,HG03756,19,2860,2665,8757,11014,10499,16461
STU,HG03757,19,2763,2798,8611,11160,11033,16558
STU,HG03760,19,2634,2725,8783,10988,10621,16687
STU,HG03836,19,2757,2683,8787,10984,10583,16564
STU,HG03837,19,2766,2718,8677,11094,10477,16555
STU,HG03838,19,2897,2637,8601,11170,10528,16424
STU,HG03844,19,2876,2777,8486,11285,10730,16445
STU,HG03846,19,2638,2649,8753,11018,10561,16683
STU,HG03848,19,2559,2625,8780,10991,10485,16762
STU,HG03849,19,2741,2771,8800,10971,10736,16580
STU,HG03850,19,2774,2736,8684,11087,10872,16547
STU,HG03851,19,2680,2621,8740,11031,10728,16641
STU,HG03854,19,2857,2597,8723,11048,10490,16464
STU,HG03856,19,2753,2618,8797,10974,10546,16568
STU,HG03857,19,2695,2723,8567,11204,10617,16626
STU,HG03858,19,2809,2766,8503,11268,10730,16512
STU,HG03884,19,2763,2672,8695,11076,10686,16558
STU,HG03885,19,2794,2615,8786,10985,10448,16527
STU,HG03886,19,2742,2682,8673,11098,10710,16579
STU,HG03887,19,2697,2725,8744,11027,10702,16624
STU,HG03888,19,2858,2821,8633,11138,10748,16463
STU,HG03890,19,2666,2636,8902,10869,10397,16655
STU,HG03894,19,2824,2736,8686,11085,10657,16497
STU,HG03895,19,2683,2779,8665,11106,10591,16638
STU,HG03896,19,3074,2746,8481,11290,10756,16247
STU,HG03897,19,2740,2753,8730,11041,10607,16581
STU,HG03898,19,2867,2605,8802,10969,10554,16454
STU,HG03899,19,2797,2604,8784,10987,10413,16524
STU,HG03900,19,2658,2723,8659,11112,10586,16663
STU,HG03943,19,2720,2661,8745,11026,10694,16601
STU,HG03944,19,2720,2754,8675,11096,10572,16601
STU,HG03945,19,2725,2631,8983,10788,10380,16596
STU,HG03947,19,2704,2731,8846,10925,10381,16617
STU,HG03949,19,2861,2647,8555,11216,10486,16460
STU,HG03950,19,2822,2614,8750,11021,10438,16499
STU,HG03951,19,2703,2747,8723,11048,10584,16618
STU,HG03953,19,2811,2750,8496,11275,10666,16510
STU,HG03955,19,2753,2752,8803,10968,10471,16568
STU,HG03985,19,2664,2701,8759,11012,10606,16657
STU,HG03986,19,2645,2724,8842,10929,10625,16676
STU,HG03989,19,2844,2593,8699,11072,10477,16477
STU,HG03990,19,2715,2728,8837,10934,10508,16606
STU,HG03991,19,2681,2705,8948,10823,10414,16640
STU,HG03995,19,2625,2716,8705,11066,10644,16696
STU,HG03998,19,2769,2654,8713,11058,10603,16552
STU,HG03999,19,2809,2612,8832,10939,10442,16512
STU,HG04003,19,2859,2736,8484,11287,10694,16462
STU,HG04006,19,2629,2674,8875,10896,10508,16692
STU,HG04029,19,2621,2734,8900,10871,10644,16700
STU,HG04033,19,2609,2712,8714,11057,10524,16712
STU,HG04035,19,2777,2847,8656,11115,10789,16544
STU,HG04038,19,2815,2668,8814,10957,10410,16506
STU,HG04039,19,2811,2645,8583,11188,10477,16510
STU,HG04042,19,2774,2733,8662,11109,10786,16547
STU,HG04047,19,2842,2629,8654,11117,10607,16479
STU,HG04075,19,2632,2715,9004,10767,10567,16689
STU,HG04099,19,2551,2863,8681,11090,10890,16770
STU,HG04100,19,2803,2769,8607,11164,10558,16518
STU,HG04106,19,2622,2671,8951,10820,10507,16699
STU,HG04107,19,2727,2674,8758,11013,10669,16594
STU,HG04210,19,2796,2734,8782,10989,10555,16525
STU,HG04227,19,2770,2876,8675,11096,10799,16551
STU,HG04229,19,2677,2783,8801,10970,10799,16644
CLM,HG01112,19,2656,2630,8809,10962,10573,16665
CLM,HG01113,19,2833,2741,8716,11055,10656,16488
CLM,HG01119,19,2659,2735,8694,11077,10746,16662
CLM,HG01121,19,2745,2712,8613,11158,10753,16576
CLM,HG01122,19,2719,2989,8755,11016,11147,16602
CLM,HG01124,19,2769,2771,8730,11041,10860,16552
CLM,HG01125,19,2777,2780,8890,10881,10676,16544
CLM,HG01130,19,2790,2867,8651,11120,10810,16531
CLM,HG01131,19,2658,2709,8749,11022,10639,16663
CLM,HG01133,19,2639,2673,8937,10834,10516,16682
CLM,HG01134,19,2795,2787,8867,10904,10704,16526
CLM,HG01136,19,2727,2740,8805,10966,10588,16594
CLM,HG01137,19,2881,2876,8627,11144,10743,16440
CLM,HG01139,19,2721,2657,8904,10867,10466,16600
CLM,HG01140,19,2729,2666,8670,11101,10752,16592
CLM,HG01142,19,2750,2730,8629,11142,10765,16571
CLM,HG01148,19,2787,2783,8551,11220,10680,16534
CLM,HG01149,19,2588,2737,8951,10820,10648,16733
CLM,HG01250,19,2724,2687,8740,11031,10692,16597
CLM,HG01251,19,2675,2729,8707,11064,10638,16646
CLM,HG01253,19,2694,2820,8673,11098,10888,16627
CLM,HG01254,19,2676,2745,8675,11096,10758,16645
CLM,HG01256,19,2730,2762,8795,10976,10667,16591
CLM,HG01257,19,2575,2801,9010,10761,10514,16746
CLM,HG01259,19,2818,2631,8899,10872,10323,16503
CLM,HG01260,19,2892,2813,8635,11136,10714,16429
CLM,HG01269,19,2804,2720,8807,10964,10677,16517
CLM,HG01271,19,2526,2755,8851,10920,10672,16795
CLM,HG01272,19,2518,2725,8968,10803,10655,16803
CLM,HG01275,19,2896,2705,8635,11136,10741,16425
CLM,HG01277,19,2907,2849,8704,11067,10731,16414
CLM,HG01280,19,2768,2728,8822,10949,10645,16553
CLM,HG01281,19,2702,2831,8922,10849,10634,16619
CLM,HG01284,19,2675,2753,8852,10919,10570,16646
CLM,HG01341,19,2726,2779,8804,10967,10707,16595
CLM,HG01342,19,2776,2868,8663,11108,10789,16545
CLM,HG01344,19,2745,2703,8725,11046,10553,16576
CLM,HG01345,19,2680,2798,8579,11192,10936,16641
CLM,HG01348,19,2852,2759,8795,10976,10429,16469
CLM,HG01350,19,2704,2757,8881,10890,10714,16617
CLM,HG01351,19,2760,2693,8838,10933,10628,16561
CLM,HG01353,19,2722,2705,8819,10952,10504,16599
CLM,HG01354,19,2694,2692,8963,10808,10387,16627
CLM,HG01356,19,2836,2830,8750,11021,10458,16485
CLM,HG01357,19,2710,2680,8839,10932,10479,16611
CLM,HG01359,19,2734,2742,8684,11087,10693,16587
CLM,HG01360,19,2806,2625,8757,11014,10736,16515
CLM,HG01362,19,2690,2815,8871,10900,10702,16631
CLM,HG01363,19,2747,2710,8954,10817,10347,16574
CLM,HG01365,19,2795,2733,8949,10822,10402,16526
CLM,HG01366,19,2703,2859,8648,11123,10688,16618
CLM,HG01369,19,2709,2770,8703,11068,10639,16612
CLM,HG01372,19,2773,2725,8963,10808,10541,16548
CLM,HG01374,19,2874,2625,8822,10949,10487,16447
CLM,HG01375,19,2755,2779,8812,10959,10616,16566
CLM,HG01377,19,2703,2755,8810,10961,10656,16618
CLM,HG01378,19,2756,2686,8743,11028,10607,16565
CLM,HG01383,19,2634,2808,8801,10970,10640,16687
CLM,HG01384,19,2886,2660,8573,11198,10512,16435
CLM,HG01389,19,2823,2784,8542,11229,10690,16498
CLM,HG01390,19,2693,2813,8857,10914,10793,16628
CLM,HG01431,19,2755,2822,8642,11129,10929,16566
CLM,HG01432,19,2671,2781,8797,10974,10709,16650
CLM,HG01435,19,2774,2801,8650,11121,10670,16547
CLM,HG01437,19,2873,2735,8703,11068,10534,16448
CLM,HG01438,19,2668,2812,8828,10943,10695,16653
CLM,HG01440,19,2755,2668,8939,10832,10467,16566
CLM,HG01441,19,2789,2755,8803,10968,10727,16532
CLM,HG01443,19,2674,2785,8815,10956,10575,16647
CLM,HG01444,19,2674,2764,8724,11047,10873,16647
CLM,HG01447,19,2505,2659,8965,10806,10550,16816
CLM,HG01455,19,2667,2809,8839,10932,10581,16654
CLM,HG01456,19,2597,2804,8863,10908,10784,16724
CLM,HG01459,19,2783,2769,8731,11040,10724,16538
CLM,HG01461,19,2540,2625,9021,10750,10392,16781
CLM,HG01462,19,2718,2662,9070,10701,10351,16603
CLM,HG01464,19,2738,2750,8592,11179,10866,16583
CLM,HG01465,19,2781,2874,8628,11143,10849,16540
CLM,HG01468,19,2732,2766,8999,10772,10565,16589
CLM,HG01474,19,2811,2742,8560,11211,10822,16510
CLM,HG01479,19,2654,2679,8751,11020,10623,16667
CLM,HG01485,19,2629,2744,8995,10776,10536,16692
CLM,HG01486,19,2758,2611,8854,10917,10455,16563
CLM,HG01488,19,2655,2699,8924,10847,10565,16666
CLM,HG01489,19,2777,2772,8598,11173,10852,16544
CLM,HG01491,19,2660,2663,8902,10869,10336,16661
CLM,HG01492,19,2980,2788,8585,11186,10623,16341
CLM,HG01494,19,2747,2753,8795,10976,10580,16574
CLM,HG01495,19,2723,2858,8847,10924,10722,16598
CLM,HG01497,19,2699,2677,8840,10931,10511,16622
CLM,HG01498,19,2596,2647,8833,10938,10540,16725
CLM,HG01550,19,2707,2817,8811,10960,10826,16614
CLM,HG01551,19,2769,2674,8831,10940,10633,16552
CLM,HG01556,19,2786,2714,8724,11047,10879,16535
MXL,NA19648,19,2749,2856,8670,11101,10938,16572
MXL,NA19649,19,2584,2725,8869,10902,10518,16737
MXL,NA19651,19,2682,2729,8710,11061,10689,16639
MXL,NA19652,19,2774,2788,8674,11097,10737,16547
MXL,NA19654,19,2671,2781,8752,11019,10786,16650
MXL,NA19655,19,2790,2754,8913,10858,10439,16531
MXL,NA19657,19,2699,2629,8768,11003,10385,16622
MXL,NA19658,19,2814,2752,8609,11162,10632,16507
MXL,NA19661,19,2818,2822,8626,11145,10892,16503
MXL,NA19663,19,2854,2634,8790,10981,10383,16467
MXL,NA19664,19,2576,2611,9109,10662,10360,16745
MXL,NA19669,19,2701,2750,8767,11004,10748,16620
MXL,NA19670,19,2826,2587,8599,11172,10467,16495
MXL,NA19676,19,2741,2630,8749,11022,10555,16580
MXL,NA19678,19,2771,2887,8738,11033,10851,16550
MXL,NA19679,19,2654,2720,8833,10938,10643,16667
MXL,NA19681,19,2742,2667,8798,10973,10425,16579
MXL,NA19682,19,2842,2746,8757,11014,10797,16479
MXL,NA19684,19,2676,2757,8755,11016,10845,16645
MXL,NA19716,19,2665,2640,9014,10757,10353,16656
MXL,NA19717,19,2679,2800,8892,10879,10750,16642
MXL,NA19719,19,2763,2698,8737,11034,10586,16558
MXL,NA19720,19,2737,2741,8659,11112,10770,16584
MXL,NA19722,19,2627,2761,8831,10940,10415,16694
MXL,NA19723,19,2797,2758,8620,11151,10431,16524
MXL,NA19725,19,2819,2645,8797,10974,10343,16502
MXL,NA19726,19,2780,2691,8742,11029,10668,16541
MXL,NA19728,19,2703,2618,8851,10920,10536,16618
MXL,NA19729,19,2745,2657,8756,11015,10432,16576
MXL,NA19731,19,2652,2687,8842,10929,10464,16669
MXL,NA19732,19,2535,2691,8886,10885,10443,16786
MXL,NA19734,19,2572,2734,8874,10897,10479,16749
MXL,NA19735,19,2854,2697,8663,11108,10541,16467
MXL,NA19740,19,2709,2751,8750,11021,10624,16612
MXL,NA19741,19,2665,2735,8949,10822,10536,16656
MXL,NA19746,19,2731,2853,8820,10951,10854,16590
MXL,NA19747,19,2739,2726,8787,10984,10482,16582
MXL,NA19749,19,2661,2671,8703,11068,10484,16660
MXL,NA19750,19,2680,2585,8914,10857,10365,16641
MXL,NA19752,19,2809,2810,8855,10916,10532,16512
MXL,NA19755,19,2751,2823,8798,10973,10727,16570
MXL,NA19756,19,2810,2601,8649,11122,10462,16511
MXL,NA19758,19,2681,2640,8803,10968,10435,16640
MXL,NA19759,19,2865,2786,8634,11137,10691,16456
MXL,NA19761,19,2680,2699,8961,10810,10414,16641
MXL,NA19762,19,2689,2598,8858,10913,10489,16632
MXL,NA19764,19,2850,2679,8597,11174,10585,16471
MXL,NA19770,19,2717,2849,8686,11085,10693,16604
MXL,NA19771,19,2577,2794,9042,10729,10557,16744
MXL,NA19773,19,2739,2696,8792,10979,10444,16582
MXL,NA19774,19,2768,2788,8658,11113,10852,16553
MXL,NA19776,19,2788,2758,8600,11171,10896,16533
MXL,NA19777,19,2822,2850,8546,11225,10886,16499
MXL,NA19779,19,2774,2717,8789,10982,10591,16547
MXL,NA19780,19,2716,2769,8865,10906,10722,16605
MXL,NA19782,19,2896,2768,8500,11271,10799,16425
MXL,NA19783,19,2662,2688,9061,10710,10475,16659
MXL,NA19785,19,2634,2755,8840,10931,10655,16687
MXL,NA19786,19,2692,2805,8673,11098,10976,16629
MXL,NA19788,19,2734,2738,8954,10817,10496,16587
MXL,NA19789,19,2706,2733,8857,10914,10592,16615
MXL,NA19792,19,2824,2686,8798,10973,10455,16497
MXL,NA19794,19,2644,2681,8752,11019,10809,16677
MXL,NA19795,19,2938,2682,8516,11255,10493,16383
PEL,HG01565,19,2738,2585,8713,11058,10502,16583
PEL,HG01566,19,2902,2628,8792,10979,10410,16419
PEL,HG01571,19,2760,2721,8812,10959,10437,16561
PEL,HG01572,19,2740,2719,8941,10830,10590,16581
PEL,HG01577,19,2641,2874,8845,10926,10651,16680
PEL,HG01578,19,2804,2646,8738,11033,10569,16517
PEL,HG01892,19,2882,2689,8582,11189,10558,16439
PEL,HG01893,19,2848,2665,8694,11077,10461,16473
PEL,HG01917,19,2714,2670,8728,11043,10589,16607
PEL,HG01918,19,2669,2641,8873,10898,10415,16652
PEL,HG01920,19,2712,2745,8831,10940,10418,16609
PEL,HG01921,19,2709,2764,8710,11061,10689,16612
PEL,HG01923,19,2809,2720,8748,11023,10640,16512
PEL,HG01924,19,2815,2626,8742,11029,10376,16506
PEL,HG01926,19,2822,2717,8895,10876,10460,16499
PEL,HG01927,19,3069,2674,8642,11129,10299,16252
PEL,HG01932,19,2634,2624,9188,10583,10214,16687
PEL,HG01933,19,2683,2721,8835,10936,10354,16638
PEL,HG01935,19,2580,2761,8764,11007,10769,16741
PEL,HG01936,19,2707,2722,8887,10884,10613,16614
PEL,HG01938,19,2671,2722,8871,10900,10547,16650
PEL,HG01939,19,2739,2777,8748,11023,10660,16582
PEL,HG01941,19,2683,2628,8869,10902,10512,16638
PEL,HG01942,19,2616,2754,8977,10794,10514,16705
PEL,HG01944,19,2742,2702,8794,10977,10390,16579
PEL,HG01945,19,2706,2609,8926,10845,10347,16615
PEL,HG01947,19,2632,2730,8905,10866,10524,16689
PEL,HG01948,19,2742,2695,8951,10820,10611,16579
PEL,HG01950,19,2614,2672,9158,10613,10229,16707
PEL,HG01951,19,2634,2743,8884,10887,10509,16687
PEL,HG01953,19,2670,2667,8926,10845,10472,16651
PEL,HG01954,19,2716,2692,8831,10940,10446,16605
PEL,HG01961,19,2788,2763,8600,11171,10619,16533
PEL,HG01965,19,2721,2720,8819,10952,10453,16600
PEL,HG01967,19,2708,2598,8856,10915,10389,16613
PEL,HG01968,19,2612,2763,8810,10961,10751,16709
PEL,HG01970,19,2662,2593,8694,11077,10726,16659
PEL,HG01971,19,2504,2595,9070,10701,10404,16817
PEL,HG01973,19,2748,2774,8921,10850,10561,16573
PEL,HG01974,19,2760,2759,8484,11287,10772,16561
PEL,HG01976,19,2806,2607,8738,11033,10409,16515
PEL,HG01977,19,2751,2681,8826,10945,10609,16570
PEL,HG01979,19,2729,2608,8977,10794,10375,16592
PEL,HG01980,19,2667,2743,8803,10968,10601,16654
PEL,HG01982,19,2855,2731,8871,10900,10468,16466
PEL,HG01991,19,2696,2768,8876,10895,10506,16625
PEL,HG01992,19,2729,2731,8738,11033,10427,16592
PEL,HG01997,19,2678,2786,8816,10955,10530,16643
PEL,HG02002,19,2765,2707,8686,11085,10622,16556
PEL,HG02003,19,2747,2703,8808,10963,10589,16574
PEL,HG02006,19,2720,2601,8958,10813,10430,16601
PEL,HG02008,19,2846,2825,8742,11029,10604,16475
PEL,HG02089,19,2829,2824,8601,11170,10726,16492
PEL,HG02090,19,2579,2660,9058,10713,10494,16742
PEL,HG02102,19,2688,2676,8793,10978,10580,16633
PEL,HG02104,19,2756,2747,8872,10899,10522,16565
PEL,HG02105,19,2772,2840,8665,11106,10775,16549
PEL,HG02146,19,2668,2658,8920,10851,10375,16653
PEL,HG02147,19,2636,2688,8888,10883,10550,16685
PEL,HG02150,19,2837,2685,8803,10968,10500,16484
PEL,HG02252,19,2748,2682,8745,11026,10365,16573
PEL,HG02253,19,2738,2663,8722,11049,10701,16583
PEL,HG02259,19,2708,2633,8739,11032,10622,16613
PEL,HG02260,19,2721,2641,8920,10851,10373,16600
PEL,HG02262,19,2762,2683,8957,10814,10401,16559
PEL,HG02265,19,2768,2728,8755,11016,10529,16553
PEL,HG02266,19,2654,2826,8781,10990,10533,16667
PEL,HG02271,19,2634,2752,9033,10738,10611,16687
PEL,HG02272,19,2841,2710,8812,10959,10428,16480
PEL,HG02274,19,2672,2728,8754,11017,11014,16649
PEL,HG02275,19,2686,2639,8851,10920,10494,16635
PEL,HG02277,19,2676,2699,8827,10944,10561,16645
PEL,HG02278,19,2636,2747,8943,10828,10435,16685
PEL,HG02285,19,2651,2777,8713,11058,10833,16670
PEL,HG02286,19,2633,2763,8874,10897,10596,16688
PEL,HG02291,19,2754,2694,8803,10968,10456,16567
PEL,HG02292,19,2663,2680,8858,10913,10325,16658
PEL,HG02298,19,2689,2716,8877,10894,10530,16632
PEL,HG02299,19,2734,2670,8768,11003,10543,16587
PEL,HG02301,19,2797,2544,8883,10888,10301,16524
PEL,HG02304,19,2643,2719,8919,10852,10576,16678
PEL,HG02312,19,2814,2646,8782,10989,10440,16507
PEL,HG02345,19,2782,2597,8760,11011,10334,16539
PEL,HG02348,19,2885,2595,8702,11069,10437,16436
PEL,HG02425,19,2616,2710,8908,10863,10311,16705
PUR,HG00551,19,2646,2712,8902,10869,10654,16675
PUR,HG00553,19,2728,2679,8809,10962,10669,16593
PUR,HG00554,19,2525,2734,9133,10638,10526,16796
PUR,HG00637,19,2755,2693,8653,11118,10716,16566
PUR,HG00638,19,2755,2768,8749,11022,10642,16566
PUR,HG00640,19,2750,2719,8858,10913,10608,16571
PUR,HG00641,19,2693,2668,8789,10982,10490,16628
PUR,HG00731,19,2825,2802,8617,11154,10840,16496
PUR,HG00732,19,2594,2863,8734,11037,10969,16727
PUR,HG00734,19,2886,2681,8712,11059,10698,16435
PUR,HG00736,19,2604,2735,9006,10765,10597,16717
PUR,HG00737,19,2701,2725,8843,10928,10683,16620
PUR,HG00739,19,2740,2699,8810,10961,10745,16581
PUR,HG00740,19,2805,2839,8835,10936,10651,16516
PUR,HG00742,19,2686,2779,8828,10943,10681,16635
PUR,HG00743,19,2796,2669,8681,11090,10588,16525
PUR,HG01047,19,2738,2732,8833,10938,10766,16583
PUR,HG01048,19,2692,2684,8786,10985,10604,16629
PUR,HG01049,19,2652,2802,8678,11093,10882,16669
PUR,HG01051,19,2674,2803,8646,11125,10705,16647
PUR,HG01052,19,2788,2600,9010,10761,10365,16533
PUR,HG01054,19,2671,2708,8925,10846,10427,16650
PUR,HG01055,19,2708,2626,8738,11033,10400,16613
PUR,HG01058,19,2657,2658,9049,10722,10314,16664
PUR,HG01060,19,2750,2755,8742,11029,10848,16571
PUR,HG01061,19,2711,2704,8704,11067,10511,16610
PUR,HG01063,19,2768,2631,8837,10934,10585,16553
PUR,HG01064,19,2634,2798,8882,10889,10695,16687
PUR,HG01066,19,2737,2792,8820,10951,10825,16584
PUR,HG01067,19,2785,2722,8833,10938,10800,16536
PUR,HG01069,19,2864,2819,8512,11259,10858,16457
PUR,HG01070,19,2702,2707,8875,10896,10618,16619
PUR,HG01072,19,2797,2777,8486,11285,10980,16524
PUR,HG01073,19,2702,2700,8744,11027,10468,16619
PUR,HG01075,19,2673,2702,8962,10809,10515,16648
PUR,HG01077,19,2796,2807,8763,11008,10526,16525
PUR,HG01079,19,2767,2875,8611,11160,10916,16554
PUR,HG01080,19,2743,2722,8712,11059,10812,16578
PUR,HG01082,19,2871,2791,8735,11036,10511,16450
PUR,HG01083,19,2832,2655,8799,10972,10440,16489
PUR,HG01085,19,2826,2720,8759,11012,10786,16495
PUR,HG01086,19,2797,2831,8915,10856,10641,16524
PUR,HG01088,19,2851,2696,8692,11079,10518,16470
PUR,HG01089,19,2810,2687,8848,10923,10437,16511
PUR,HG01092,19,2708,2722,8772,10999,10667,16613
PUR,HG01094,19,2765,2757,8691,11080,10785,16556
PUR,HG01095,19,2712,2861,8804,10967,10782,16609
PUR,HG01097,19,2676,2733,8959,10812,10602,16645
PUR,HG01098,19,2698,2807,8704,11067,10646,16623
PUR,HG01101,19,2669,2753,8766,11005,10699,16652
PUR,HG01102,19,2692,2796,8977,10794,10647,16629
PUR,HG01104,19,2734,2698,8745,11026,10445,16587
PUR,HG01105,19,2709,2735,8781,10990,10679,16612
PUR,HG01107,19,2617,2694,8782,10989,10742,16704
PUR,HG01108,19,2570,2834,9059,10712,10818,16751
PUR,HG01110,19,2715,2742,8642,11129,10676,16606
PUR,HG01111,19,2828,2714,8599,11172,10738,16493
PUR,HG01161,19,2791,2720,8678,11093,10637,16530
PUR,HG01162,19,2588,2788,8893,10878,10760,16733
PUR,HG01164,19,2702,2737,8888,10883,10610,16619
PUR,HG01167,19,2736,2724,8965,10806,10422,16585
PUR,HG01168,19,2654,2725,8845,10926,10622,16667
PUR,HG01170,19,2614,2717,9128,10643,10386,16707
PUR,HG01171,19,2788,2689,8688,11083,10454,16533
PUR,HG01173,19,2668,2792,8746,11025,10913,16653
PUR,HG01174,19,2783,2856,8625,11146,10874,16538
PUR,HG01176,19,2643,2660,8856,10915,10925,16678
PUR,HG01177,19,2607,2764,8984,10787,10645,16714
PUR,HG01182,19,3080,2746,8509,11262,10389,16241
PUR,HG01183,19,2740,2676,8728,11043,10633,16581
PUR,HG01187,19,2649,2759,8973,10798,10605,16672
PUR,HG01188,19,2696,2713,8998,10773,10533,16625
PUR,HG01190,19,2749,2824,8426,11345,10937,16572
PUR,HG01191,19,2733,2733,8767,11004,10671,16588
PUR,HG01197,19,2691,2704,8903,10868,10684,16630
PUR,HG01198,19,2708,2734,8677,11094,10718,16613
PUR,HG01200,19,2632,2799,8670,11101,10707,16689
PUR,HG01204,19,2625,2681,8725,11046,10483,16696
PUR,HG01205,19,2787,2650,8693,11078,10735,16534
PUR,HG01241,19,2803,2773,8587,11184,10722,16518
PUR,HG01242,19,2685,2657,8697,11074,10659,16636
PUR,HG01247,19,2808,2799,8676,11095,10609,16513
PUR,HG01248,19,2720,2690,8888,10883,10631,16601
PUR,HG01286,19,2619,2744,8850,10921,10549,16702
PUR,HG01302,19,2605,2680,8961,10810,10732,16716
PUR,HG01303,19,2705,2693,8829,10942,10797,16616
PUR,HG01305,19,2764,2753,8818,10953,10776,16557
PUR,HG01308,19,2669,2809,8906,10865,10761,16652
PUR,HG01311,19,2821,2660,8840,10931,10548,16500
PUR,HG01312,19,2752,2698,8829,10942,10434,16569
PUR,HG01323,19,2595,2696,8787,10984,10621,16726
PUR,HG01325,19,2599,2729,8840,10931,10773,16722
PUR,HG01326,19,2748,2758,8522,11249,10747,16573
PUR,HG01392,19,2700,2705,8831,10940,10522,16621
PUR,HG01393,19,2633,2713,8987,10784,10655,16688
PUR,HG01395,19,2663,2567,8868,10903,10515,16658
PUR,HG01396,19,2750,2797,8637,11134,10895,16571
PUR,HG01398,19,2683,2805,8777,10994,10506,16638
PUR,HG01402,19,2766,2761,8604,11167,10685,16555
PUR,HG01403,19,2769,2657,8704,11067,10702,16552
PUR,HG01405,19,2777,2772,8722,11049,10831,16544
PUR,HG01412,19,2814,2724,8687,11084,10682,16507
PUR,HG01413,19,2694,2750,8997,10774,10575,16627
PUR,HG01414,19,2589,2745,8869,10902,10675,16732
