BEB,HG03006,10,10656,8428,26541,36361,34252,49459
BEB,HG03007,10,10127,8390,27462,35440,33575,49988
BEB,HG03009,10,10237,8583,27340,35562,33984,49878
BEB,HG03012,10,10600,8227,27311,35591,33334,49515
BEB,HG03585,10,10346,8421,27372,35530,33994,49769
BEB,HG03589,10,10153,8362,27479,35423,33821,49962
BEB,HG03593,10,10065,8914,27252,35650,34354,50050
BEB,HG03594,10,10197,8622,27324,35578,34341,49918
BEB,HG03595,10,9979,8698,27297,35605,34705,50136
BEB,HG03598,10,10382,8592,26668,36234,34474,49733
BEB,HG03600,10,10353,8425,27240,35662,33957,49762
BEB,HG03603,10,10016,8601,27313,35589,34261,50099
BEB,HG03604,10,10306,8386,27126,35776,34183,49809
BEB,HG03607,10,10011,8326,27392,35510,34116,50104
BEB,HG03611,10,10084,8609,27381,35521,34120,50031
BEB,HG03615,10,10344,8467,26593,36309,34613,49771
BEB,HG03616,10,10436,8526,27114,35788,34406,49679
BEB,HG03793,10,10646,8475,27152,35750,33679,49469
BEB,HG03796,10,10775,8783,26501,36401,34743,49340
BEB,HG03800,10,10223,8414,27424,35478,33978,49892
BEB,HG03802,10,10636,8605,26949,35953,34125,49479
BEB,HG03803,10,10457,8550,27088,35814,33785,49658
BEB,HG03805,10,10321,8300,27295,35607,33705,49794
BEB,HG03808,10,10161,8595,27354,35548,33846,49954
BEB,HG03809,10,10486,8532,26944,35958,33964,49629
BEB,HG03812,10,10333,8814,27151,35751,34715,49782
BEB,HG03814,10,10431,8413,27186,35716,34201,49684
BEB,HG03815,10,10679,8823,26396,36506,34920,49436
BEB,HG03817,10,10731,8167,26925,35977,33820,49384
BEB,HG03821,10,10181,8521,27096,35806,34108,49934
BEB,HG03823,10,10351,8548,27334,35568,33871,49764
BEB,HG03824,10,10399,8724,27233,35669,34208,49716
BEB,HG03826,10,9794,8397,27987,34915,33724,50321
BEB,HG03829,10,10413,8465,26916,35986,34033,49702
BEB,HG03830,10,10287,8604,27028,35874,34164,49828
BEB,HG03832,10,9911,8558,27334,35568,34248,50204
BEB,HG03833,10,10442,8388,26975,35927,33539,49673
BEB,HG03902,10,10636,8468,26924,35978,33812,49479
BEB,HG03905,10,10477,8400,27348,35554,33519,49638
BEB,HG03907,10,10007,9054,27017,35885,34537,50108
BEB,HG03908,10,10173,8546,27325,35577,34068,49942
BEB,HG03910,10,9987,8546,27323,35579,34448,50128
BEB,HG03911,10,9895,8390,27483,35419,33803,50220
BEB,HG03913,10,10119,8744,27304,35598,34285,49996
BEB,HG03914,10,10091,8278,27375,35527,33723,50024
BEB,HG03916,10,9825,8793,27423,35479,34620,50290
BEB,HG03917,10,10317,8443,27445,35457,33906,49798
BEB,HG03919,10,10300,8776,26751,36151,34451,49815
BEB,HG03920,10,10208,8624,27275,35627,34527,49907
BEB,HG03922,10,10341,8347,27269,35633,34039,49774
BEB,HG03925,10,9954,8663,27238,35664,34482,50161
BEB,HG03926,10,10315,8603,27102,35800,34038,49800
BEB,HG03928,10,10540,8637,27294,35608,34034,49575
BEB,HG03931,10,10564,8551,26936,35966,34012,49551
BEB,HG03934,10,9981,8422,27358,35544,34054,50134
BEB,HG03937,10,10240,8275,27386,35516,33795,49875
BEB,HG03940,10,10341,8534,27113,35789,34043,49774
BEB,HG03941,10,10364,8548,26913,35989,34506,49751
BEB,HG04131,10,10243,8420,27218,35684,34191,49872
BEB,HG04134,10,9796,8492,27545,35357,33855,50319
BEB,HG04140,10,9924,8644,27595,35307,34047,50191
BEB,HG04141,10,10807,8655,26523,36379,34333,49308
BEB,HG04144,10,10450,8438,26926,35976,34207,49665
BEB,HG04146,10,9913,8528,27550,35352,34066,50202
BEB,HG04152,10,10176,8703,27047,35855,34545,49939
BEB,HG04153,10,10329,8639,27294,35608,34007,49786
BEB,HG04155,10,10309,8546,27335,35567,33685,49806
BEB,HG04156,10,10278,8502,27418,35484,33784,49837
BEB,HG04158,10,10171,8371,27429,35473,33583,49944
BEB,HG04159,10,10191,8730,27115,35787,34383,49924
BEB,HG04161,10,10386,8664,26846,36056,34500,49729
BEB,HG04162,10,10620,8521,26305,36597,34845,49495
BEB,HG04164,10,10211,8677,27259,35643,34111,49904
BEB,HG04171,10,10157,8247,27642,35260,33599,49958
BEB,HG04173,10,10262,8611,26967,35935,34454,49853
BEB,HG04176,10,10086,8440,27421,35481,33961,50029
BEB,HG04177,10,10349,8363,27061,35841,34091,49766
BEB,HG04180,10,10116,8984,26978,35924,34972,49999
BEB,HG04182,10,10150,8371,27523,35379,33603,49965
BEB,HG04183,10,9815,8440,27794,35108,33811,50300
BEB,HG04185,10,9857,8775,27520,35382,34343,50258
BEB,HG04186,10,10006,8464,27653,35249,33511,50109
BEB,HG04188,10,10230,8714,27185,35717,34902,49885
BEB,HG04189,10,10629,8497,27035,35867,33974,49486
BEB,HG04194,10,10311,8504,27366,35536,34215,49804
BEB,HG04195,10,10313,8256,27191,35711,33817,49802
STU,HG03642,10,10381,8401,27018,35884,33643,49734
STU,HG03643,10,9959,8727,27562,35340,34090,50156
STU,HG03644,10,10319,8704,27352,35550,34183,49796
STU,HG03645,10,10028,8274,27491,35411,33985,50087
STU,HG03646,10,10291,8293,27266,35636,33814,49824
STU,HG03672,10,10118,8567,27391,35511,34228,49997
STU,HG03673,10,10664,8370,27255,35647,33696,49451
STU,HG03679,10,10150,8534,27455,35447,34050,49965
STU,HG03680,10,10292,8539,27158,35744,34250,49823
STU,HG03681,10,9752,8377,27709,35193,34181,50363
STU,HG03684,10,10037,8574,27351,35551,34231,50078
STU,HG03685,10,9991,8360,27531,35371,34279,50124
STU,HG03686,10,10395,8660,27399,35503,33969,49720
STU,HG03687,10,10294,8648,26931,35971,34257,49821
STU,HG03689,10,10318,8595,27038,35864,34418,49797
STU,HG03690,10,10219,8359,27248,35654,33819,49896
STU,HG03691,10,10241,8506,27131,35771,33770,49874
STU,HG03692,10,10072,8245,27750,35152,34048,50043
STU,HG03693,10,10101,8485,27256,35646,34309,50014
STU,HG03694,10,10093,8338,27194,35708,33892,50022
STU,HG03695,10,9991,8574,27659,35243,33920,50124
STU,HG03696,10,10068,8879,27332,35570,34272,50047
STU,HG03697,10,9932,8402,27283,35619,34044,50183
STU,HG03698,10,9988,8772,27546,35356,34493,50127
STU,HG03711,10,10328,8432,27016,35886,34106,49787
STU,HG03733,10,9976,8316,27761,35141,33769,50139
STU,HG03736,10,10423,8563,26956,35946,34044,49692
STU,HG03738,10,10477,8449,27293,35609,33949,49638
STU,HG03740,10,10164,8310,27201,35701,34038,49951
STU,HG03741,10,9920,8430,27576,35326,34358,50195
STU,HG03743,10,10172,8580,27543,35359,33771,49943
STU,HG03744,10,10180,8541,27236,35666,34124,49935
STU,HG03745,10,10338,8570,27210,35692,34002,49777
STU,HG03746,10,10049,8292,27564,35338,33681,50066
STU,HG03750,10,9913,8552,27403,35499,34534,50202
STU,HG03752,10,10316,8408,27570,35332,33735,49799
STU,HG03753,10,10125,8613,27286,35616,34335,49990
STU,HG03754,10,10190,8594,27613,35289,34268,49925
STU,HG03755,10,10298,8489,26917,35985,34495,49817
STU,HG03756,10,10506,8603,26827,36075,34129,49609
STU,HG03757,10,10175,8501,27392,35510,34000,49940
STU,HG03760,10,10178,8606,27266,35636,34157,49937
STU,HG03836,10,10273,8475,27102,35800,33880,49842
STU,HG03837,10,10212,8101,27766,35136,33217,49903
STU,HG03838,10,10091,8689,27204,35698,34551,50024
STU,HG03844,10,10343,8383,27397,35505,33507,49772
STU,HG03846,10,10029,8638,27543,35359,33559,50086
STU,HG03848,10,10318,8811,27187,35715,34353,49797
STU,HG03849,10,10388,8069,27335,35567,33492,49727
STU,HG03850,10,10107,8685,27103,35799,34571,50008
STU,HG03851,10,10570,8535,26740,36162,34447,49545
STU,HG03854,10,10308,8333,27197,35705,33817,49807
STU,HG03856,10,10458,8356,26941,35961,34094,49657
STU,HG03857,10,10162,8493,26838,36064,34445,49953
STU,HG03858,10,9887,8507,27589,35313,34013,50228
STU,HG03884,10,10367,8222,27192,35710,33812,49748
STU,HG03885,10,10276,8494,26784,36118,34326,49839
STU,HG03886,10,10191,8496,27348,35554,33759,49924
STU,HG03887,10,9972,8586,27297,35605,34550,50143
STU,HG03888,10,10243,8917,26931,35971,34911,49872
STU,HG03890,10,10115,8909,27198,35704,34770,50000
STU,HG03894,10,10428,8429,27244,35658,33860,49687
STU,HG03895,10,10282,8443,26991,35911,34181,49833
STU,HG03896,10,10372,8626,26809,36093,34282,49743
STU,HG03897,10,10181,8369,27495,35407,33734,49934
STU,HG03898,10,10080,8332,27717,35185,33773,50035
STU,HG03899,10,10148,8339,27632,35270,33855,49967
STU,HG03900,10,9846,8602,27297,35605,34763,50269
STU,HG03943,10,10301,8586,27485,35417,33935,49814
STU,HG03944,10,10340,8605,27050,35852,33931,49775
STU,HG03945,10,10265,8760,27114,35788,34460,49850
STU,HG03947,10,10211,8732,27355,35547,33998,49904
STU,HG03949,10,10290,8744,26918,35984,34649,49825
STU,HG03950,10,10478,8619,27245,35657,33969,49637
STU,HG03951,10,10215,8295,27316,35586,33857,49900
STU,HG03953,10,10051,8833,27054,35848,34633,50064
STU,HG03955,10,10351,8338,27134,35768,33997,49764
STU,HG03985,10,10762,8437,26681,36221,34159,49353
STU,HG03986,10,10684,8239,27148,35754,33860,49431
STU,HG03989,10,10328,8344,27111,35791,34069,49787
STU,HG03990,10,10282,8338,27366,35536,33814,49833
STU,HG03991,10,9970,8615,27324,35578,34231,50145
STU,HG03995,10,10127,8705,27283,35619,34423,49988
STU,HG03998,10,10369,8676,27130,35772,34246,49746
STU,HG03999,10,10282,8646,27169,35733,34003,49833
STU,HG04003,10,10140,8146,27367,35535,33759,49975
STU,HG04006,10,10331,8468,27207,35695,34168,49784
STU,HG04029,10,10050,8456,27644,35258,33695,50065
STU,HG04033,10,10408,8644,26825,36077,34290,49707
STU,HG04035,10,10296,8787,26982,35920,34377,49819
STU,HG04038,10,10143,8215,27771,35131,33355,49972
STU,HG04039,10,10101,8509,27612,35290,33883,50014
STU,HG04042,10,10123,8840,26658,36244,34899,49992
STU,HG04047,10,10267,8473,27508,35394,33861,49848
STU,HG04075,10,9766,8275,27729,35173,34055,50349
STU,HG04099,10,10166,8300,27537,35365,33455,49949
STU,HG04100,10,10140,8814,27203,35699,34398,49975
STU,HG04106,10,9992,8368,27565,35337,33924,50123
STU,HG04107,10,10306,8795,26945,35957,34137,49809
STU,HG04210,10,10226,8433,27000,35902,34280,49889
STU,HG04227,10,10176,8689,27160,35742,34174,49939
STU,HG04229,10,10334,8595,26976,35926,34286,49781
ITU,HG03713,10,9703,8587,27777,35125,34193,50412
ITU,HG03714,10,10242,8644,27106,35796,34244,49873
ITU,HG03716,10,10021,8564,27363,35539,34518,50094
ITU,HG03717,10,10374,8528,27489,35413,33827,49741
ITU,HG03718,10,10125,8064,27537,35365,33496,49990
ITU,HG03720,10,9809,8407,27826,35076,34176,50306
ITU,HG03722,10,10364,8264,27099,35803,33853,49751
ITU,HG03727,10,9883,8693,27268,35634,34726,50232
ITU,HG03729,10,10037,8763,27421,35481,34475,50078
ITU,HG03730,10,10139,8244,27358,35544,33899,49976
ITU,HG03731,10,10059,8516,27808,35094,34061,50056
ITU,HG03742,10,10204,8512,26940,35962,34514,49911
ITU,HG03770,10,10550,8221,27017,35885,34166,49565
ITU,HG03771,10,10590,8661,26629,36273,34640,49525
ITU,HG03772,10,10191,8567,27259,35643,34171,49924
ITU,HG03773,10,10037,8354,27203,35699,34172,50078
ITU,HG03774,10,10188,8577,27208,35694,34245,49927
ITU,HG03775,10,9769,8474,28165,34737,33898,50346
ITU,HG03777,10,10227,8605,27564,35338,33994,49888
ITU,HG03778,10,10360,8666,26978,35924,34450,49755
ITU,HG03779,10,10318,8557,27192,35710,34189,49797
ITU,HG03780,10,10109,8661,27240,35662,34240,50006
ITU,HG03781,10,10107,8666,27203,35699,34667,50008
ITU,HG03782,10,9770,8405,27778,35124,33881,50345
ITU,HG03784,10,10272,8510,27069,35833,34168,49843
ITU,HG03785,10,10386,8373,27083,35819,34163,49729
ITU,HG03786,10,10173,8480,27486,35416,33821,49942
ITU,HG03787,10,10445,8453,27187,35715,34290,49670
ITU,HG03788,10,10203,8165,27454,35448,33685,49912
ITU,HG03789,10,10055,8641,27784,35118,34035,50060
ITU,HG03790,10,10579,8415,27117,35785,33737,49536
ITU,HG03792,10,9869,8573,27747,35155,34336,50246
ITU,HG03861,10,10051,8550,27201,35701,34753,50064
ITU,HG03862,10,10302,8575,26694,36208,34548,49813
ITU,HG03863,10,10272,8622,26701,36201,34731,49843
ITU,HG03864,10,10402,8617,26880,36022,34286,49713
ITU,HG03866,10,10244,8462,27169,35733,34189,49871
ITU,HG03867,10,10262,8634,26910,35992,34314,49853
ITU,HG03868,10,9562,8666,27693,35209,34559,50553
ITU,HG03869,10,10234,8629,27528,35374,34274,49881
ITU,HG03870,10,10384,8525,27042,35860,34473,49731
ITU,HG03871,10,10171,8432,27402,35500,34347,49944
ITU,HG03872,10,10231,8422,27587,35315,33891,49884
ITU,HG03873,10,9934,8630,27577,35325,34319,50181
ITU,HG03874,10,9911,8764,27333,35569,34551,50204
ITU,HG03875,10,10311,8578,27033,35869,34116,49804
ITU,HG03882,10,10189,8514,27157,35745,34493,49926
ITU,HG03960,10,10246,8325,27412,35490,33668,49869
ITU,HG03963,10,10396,8525,26825,36077,34011,49719
ITU,HG03965,10,10194,8280,27230,35672,33948,49921
ITU,HG03967,10,10148,8653,27297,35605,34081,49967
ITU,HG03968,10,10529,8359,26815,36087,33750,49586
ITU,HG03969,10,9942,8504,27649,35253,33944,50173
ITU,HG03971,10,10402,8572,26877,36025,34324,49713
ITU,HG03973,10,10344,8547,27013,35889,34435,49771
ITU,HG03974,10,10595,8568,26841,36061,33953,49520
ITU,HG03976,10,10161,8745,27538,35364,34121,49954
ITU,HG03977,10,10437,8320,27340,35562,33624,49678
ITU,HG03978,10,10455,8408,26926,35976,34213,49660
ITU,HG04001,10,10031,8540,27616,35286,33753,50084
ITU,HG04002,10,10332,8857,27343,35559,34197,49783
ITU,HG04014,10,10161,8285,27722,35180,33613,49954
ITU,HG04015,10,10120,8436,27413,35489,33769,49995
ITU,HG04017,10,9988,8428,27338,35564,34199,50127
ITU,HG04018,10,10155,8674,27613,35289,34055,49960
ITU,HG04019,10,9942,8315,27875,35027,33666,50173
ITU,HG04020,10,10350,8466,26984,35918,34290,49765
ITU,HG04022,10,10060,8527,27246,35656,34389,50055
ITU,HG04023,10,10258,8579,26827,36075,34534,49857
ITU,HG04025,10,10056,8540,27621,35281,33827,50059
ITU,HG04026,10,9882,8554,27569,35333,34535,50233
ITU,HG04054,10,10582,8344,27010,35892,34082,49533
ITU,HG04056,10,10360,8744,27480,35422,34150,49755
ITU,HG04059,10,10286,8305,27474,35428,33475,49829
ITU,HG04060,10,10306,8532,27032,35870,34225,49809
ITU,HG04061,10,10069,8362,27141,35761,34038,50046
ITU,HG04062,10,10629,8613,26849,36053,34200,49486
ITU,HG04063,10,10376,8528,27049,35853,33883,49739
ITU,HG04070,10,10386,8106,27552,35350,33145,49729
ITU,HG04076,10,10424,8314,27000,35902,33813,49691
ITU,HG04080,10,10166,8749,27451,35451,33901,49949
ITU,HG04090,10,10308,8473,27012,35890,34221,49807
ITU,HG04093,10,10022,8498,27329,35573,34260,50093
ITU,HG04094,10,10209,8865,26837,36065,35020,49906
ITU,HG04096,10,10568,8588,27098,35804,33885,49547
ITU,HG04098,10,9917,8399,27538,35364,34054,50198
ITU,HG04118,10,10559,8347,26922,35980,33929,49556
ITU,HG04198,10,10237,8317,27261,35641,34190,49878
ITU,HG04200,10,10141,8671,27043,35859,34711,49974
ITU,HG04202,10,10420,8525,27415,35487,33524,49695
ITU,HG04206,10,10108,8444,27315,35587,34117,50007
ITU,HG04209,10,10478,8424,27142,35760,33893,49637
ITU,HG04211,10,10146,8339,27430,35472,33823,49969
ITU,HG04212,10,10583,8515,27072,35830,34264,49532
ITU,HG04214,10,10304,8673,27251,35651,34234,49811
ITU,HG04216,10,10226,8697,27115,35787,34205,49889
ITU,HG04219,10,10325,8475,27244,35658,33883,49790
ITU,HG04222,10,10284,8510,27494,35408,33986,49831
ITU,HG04225,10,10089,8631,27348,35554,34402,50026
ITU,HG04235,10,9835,8472,27696,35206,34204,50280
ITU,HG04238,10,10371,8533,27274,35628,34268,49744
ITU,HG04239,10,10012,8461,27502,35400,34142,50103
PJL,HG01583,10,10139,8660,27406,35496,33877,49976
PJL,HG01586,10,10248,8531,27197,35705,34321,49867
PJL,HG01589,10,9880,8319,28049,34853,33518,50235
PJL,HG01593,10,9983,8536,27321,35581,34512,50132
PJL,HG02490,10,10285,8412,27232,35670,34105,49830
PJL,HG02491,10,10115,8677,27143,35759,34602,50000
PJL,HG02493,10,10192,8459,27169,35733,34249,49923
PJL,HG02494,10,9951,8461,27229,35673,34258,50164
PJL,HG02597,10,10668,8555,26432,36470,34290,49447
PJL,HG02600,10,10067,8414,27420,35482,33845,50048
PJL,HG02601,10,10200,8453,27185,35717,34119,49915
PJL,HG02603,10,10053,8698,27502,35400,34705,50062
PJL,HG02604,10,9923,8711,27582,35320,34456,50192
PJL,HG02648,10,10175,8523,27359,35543,34389,49940
PJL,HG02649,10,10221,8629,26877,36025,34743,49894
PJL,HG02651,10,10784,8758,26878,36024,34290,49331
PJL,HG02652,10,10181,8496,27743,35159,33864,49934
PJL,HG02654,10,10219,8543,27191,35711,34496,49896
PJL,HG02655,10,9593,8701,28080,34822,34245,50522
PJL,HG02657,10,9962,8665,27332,35570,34269,50153
PJL,HG02658,10,10242,8822,26815,36087,34589,49873
PJL,HG02660,10,9971,8567,27489,35413,34184,50144
PJL,HG02661,10,10297,8200,27674,35228,33720,49818
PJL,HG02681,10,10219,8376,27247,35655,33968,49896
PJL,HG02682,10,10213,8177,27579,35323,33849,49902
PJL,HG02684,10,10058,8646,27307,35595,34719,50057
PJL,HG02685,10,9956,8386,27539,35363,34213,50159
PJL,HG02687,10,10062,8570,27589,35313,34265,50053
PJL,HG02688,10,10253,8618,27477,35425,34202,49862
PJL,HG02690,10,10198,8498,27316,35586,34092,49917
PJL,HG02691,10,10400,8759,27122,35780,34222,49715
PJL,HG02694,10,10513,8563,26860,36042,34236,49602
PJL,HG02696,10,10070,8755,27580,35322,34005,50045
PJL,HG02697,10,10103,8627,27300,35602,34684,50012
PJL,HG02699,10,9954,8448,27542,35360,34274,50161
PJL,HG02700,10,10407,8386,27494,35408,33659,49708
PJL,HG02724,10,10113,8458,27520,35382,34151,50002
PJL,HG02725,10,10226,8532,27112,35790,34327,49889
PJL,HG02727,10,10168,8464,27435,35467,33959,49947
PJL,HG02728,10,10320,8477,27112,35790,34435,49795
PJL,HG02731,10,10085,8688,27152,35750,34222,50030
PJL,HG02733,10,10076,8624,27268,35634,34321,50039
PJL,HG02734,10,10088,8378,27525,35377,34068,50027
PJL,HG02736,10,9945,8361,27362,35540,34209,50170
PJL,HG02737,10,10661,8491,26830,36072,34100,49454
PJL,HG02774,10,10266,8456,27208,35694,34341,49849
PJL,HG02775,10,10076,8553,27305,35597,34452,50039
PJL,HG02778,10,10333,8292,26952,35950,34139,49782
PJL,HG02780,10,10114,8781,27169,35733,34491,50001
PJL,HG02783,10,10483,8764,27348,35554,34172,49632
PJL,HG02784,10,9857,8436,27735,35167,34289,50258
PJL,HG02786,10,10410,8492,27123,35779,34377,49705
PJL,HG02787,10,10164,8487,27454,35448,33999,49951
PJL,HG02789,10,10226,8437,27256,35646,34111,49889
PJL,HG02790,10,10231,8653,27125,35777,34763,49884
PJL,HG02792,10,9974,8504,27484,35418,34244,50141
PJL,HG02793,10,10243,8821,27430,35472,34376,49872
PJL,HG03015,10,10153,8358,27440,35462,33798,49962
PJL,HG03016,10,9562,8422,27847,35055,34059,50553
PJL,HG03018,10,10251,8495,27287,35615,34082,49864
PJL,HG03019,10,10279,8552,27171,35731,34139,49836
PJL,HG03021,10,10711,8464,27013,35889,33913,49404
PJL,HG03022,10,10233,8549,27590,35312,33892,49882
PJL,HG03228,10,10110,8669,27236,35666,34274,50005
PJL,HG03229,10,9614,8796,27432,35470,34757,50501
PJL,HG03234,10,10190,8483,27853,35049,33547,49925
PJL,HG03235,10,10862,8400,26997,35905,33786,49253
PJL,HG03237,10,10313,8538,26831,36071,34725,49802
PJL,HG03238,10,10095,8525,27153,35749,34165,50020
PJL,HG03488,10,9825,8315,28049,34853,33533,50290
PJL,HG03490,10,10119,8435,27475,35427,33646,49996
PJL,HG03491,10,10288,8575,27281,35621,34204,49827
PJL,HG03619,10,10295,8445,26915,35987,34315,49820
PJL,HG03624,10,10569,8509,26785,36117,34288,49546
PJL,HG03625,10,10719,8514,26853,36049,33933,49396
PJL,HG03629,10,10311,8749,26986,35916,34722,49804
PJL,HG03631,10,10672,8497,26925,35977,34107,49443
PJL,HG03634,10,10413,8209,27142,35760,34074,49702
PJL,HG03636,10,10163,8536,27521,35381,34045,49952
PJL,HG03640,10,10593,8554,26778,36124,34124,49522
PJL,HG03649,10,10252,8443,27313,35589,33830,49863
PJL,HG03652,10,10019,8493,27381,35521,34223,50096
PJL,HG03653,10,9986,8455,27693,35209,33974,50129
PJL,HG03660,10,10438,8549,27072,35830,33976,49677
PJL,HG03663,10,10106,8810,27177,35725,34525,50009
PJL,HG03667,10,10218,8535,27159,35743,34054,49897
PJL,HG03668,10,10024,8493,27238,35664,33743,50091
PJL,HG03702,10,10349,8543,27245,35657,34084,49766
PJL,HG03703,10,10132,8265,27675,35227,33668,49983
PJL,HG03705,10,10421,8718,26850,36052,34930,49694
PJL,HG03706,10,10170,8561,27073,35829,34788,49945
PJL,HG03708,10,10289,8332,27391,35511,33770,49826
PJL,HG03709,10,9889,8690,27831,35071,34166,50226
PJL,HG03762,10,10202,8635,27181,35721,33864,49913
PJL,HG03765,10,9728,8501,27802,35100,33688,50387
PJL,HG03767,10,10265,8772,27131,35771,34581,49850
GIH,NA20845,10,10300,8792,26825,36077,34491,49815
GIH,NA20846,10,10166,8631,27595,35307,34158,49949
GIH,NA20847,10,10136,8333,27290,35612,33826,49979
GIH,NA20849,10,9991,8210,27354,35548,33833,50124
GIH,NA20850,10,10179,8512,27397,35505,34193,49936
GIH,NA20851,10,10095,8607,27299,35603,34138,50020
GIH,NA20852,10,9733,8465,27840,35062,33767,50382
GIH,NA20853,10,10064,8529,27644,35258,34027,50051
GIH,NA20854,10,10001,8533,27241,35661,34366,50114
GIH,NA20856,10,10475,8475,26764,36138,34034,49640
GIH,NA20858,10,10102,8809,27329,35573,34259,50013
GIH,NA20859,10,10105,8465,27413,35489,34096,50010
GIH,NA20861,10,10490,8552,27038,35864,33766,49625
GIH,NA20862,10,10193,8502,27329,35573,33932,49922
GIH,NA20863,10,10184,8663,27383,35519,34426,49931
GIH,NA20864,10,10570,8715,27206,35696,34149,49545
GIH,NA20866,10,10204,8532,27314,35588,33860,49911
GIH,NA20867,10,10172,8653,26885,36017,34803,49943
GIH,NA20868,10,10621,8433,27250,35652,33857,49494
GIH,NA20869,10,10146,8492,26961,35941,34389,49969
GIH,NA20870,10,10067,8454,27448,35454,34063,50048
GIH,NA20872,10,10117,8306,27268,35634,33950,49998
GIH,NA20874,10,9802,8600,27718,35184,34256,50313
GIH,NA20875,10,10346,8260,27129,35773,33597,49769
GIH,NA20876,10,10033,8524,27453,35449,34224,50082
GIH,NA20877,10,10172,8479,27191,35711,33703,49943
GIH,NA20878,10,10221,8585,27178,35724,34247,49894
GIH,NA20881,10,10294,8561,27275,35627,33996,49821
GIH,NA20882,10,10250,8595,27311,35591,34377,49865
GIH,NA20884,10,10491,8622,26972,35930,34102,49624
GIH,NA20885,10,10002,8533,27300,35602,34049,50113
GIH,NA20886,10,10324,8579,27245,35657,34278,49791
GIH,NA20887,10,10536,8583,26926,35976,33931,49579
GIH,NA20888,10,10401,8470,27037,35865,34066,49714
GIH,NA20889,10,10147,8518,27554,35348,33974,49968
GIH,NA20890,10,10116,8797,27581,35321,34143,49999
GIH,NA20891,10,10040,8805,27252,35650,34871,50075
GIH,NA20892,10,10322,8516,27395,35507,34175,49793
GIH,NA20894,10,10222,8562,26977,35925,34206,49893
GIH,NA20895,10,9700,8402,27446,35456,34039,50415
GIH,NA20896,10,10036,8507,27213,35689,34473,50079
GIH,NA20897,10,10036,8596,27430,35472,33953,50079
GIH,NA20899,10,10307,8404,27731,35171,33704,49808
GIH,NA20900,10,10369,8363,27357,35545,34306,49746
GIH,NA20901,10,10081,8496,27569,35333,33834,50034
GIH,NA20902,10,10343,8223,27607,35295,33670,49772
GIH,NA20903,10,10333,8436,27191,35711,34081,49782
GIH,NA20904,10,9802,8656,27474,35428,34621,50313
GIH,NA20905,10,10451,8529,26778,36124,34572,49664
GIH,NA20906,10,10100,8553,27186,35716,33972,50015
GIH,NA20908,10,9939,8448,27636,35266,33936,50176
GIH,NA20910,10,9873,8649,27226,35676,34830,50242
GIH,NA20911,10,10460,8481,27458,35444,33868,49655
GIH,NA21086,10,10565,8634,27002,35900,34492,49550
GIH,NA21087,10,10508,8602,26479,36423,34404,49607
GIH,NA21088,10,10252,8254,27132,35770,33991,49863
GIH,NA21089,10,10188,8513,27209,35693,34144,49927
GIH,NA21090,10,10291,8573,27433,35469,34030,49824
GIH,NA21091,10,10494,8302,27273,35629,33611,49621
GIH,NA21092,10,10339,8615,27294,35608,34432,49776
GIH,NA21093,10,10491,8486,27028,35874,34170,49624
GIH,NA21094,10,10725,8347,27126,35776,33623,49390
GIH,NA21095,10,10286,8300,27250,35652,33783,49829
GIH,NA21097,10,10173,8705,27772,35130,33749,49942
GIH,NA21098,10,10244,8352,27497,35405,33892,49871
GIH,NA21099,10,10275,8158,27118,35784,33697,49840
GIH,NA21100,10,9934,8359,27462,35440,33772,50181
GIH,NA21101,10,10171,8704,27190,35712,34373,49944
GIH,NA21102,10,10095,8308,27225,35677,33834,50020
GIH,NA21103,10,10327,8295,27287,35615,33792,49788
GIH,NA21104,10,10136,8495,27431,35471,34184,49979
GIH,NA21105,10,10242,8752,27013,35889,34331,49873
GIH,NA21106,10,10413,8592,27100,35802,34529,49702
GIH,NA21107,10,10514,8504,27014,35888,34256,49601
GIH,NA21108,10,10235,8584,27216,35686,34447,49880
GIH,NA21109,10,10446,8505,27078,35824,33964,49669
GIH,NA21110,10,10164,8591,27466,35436,34150,49951
GIH,NA21111,10,10440,8334,27217,35685,33643,49675
GIH,NA21112,10,10268,8672,27280,35622,34322,49847
GIH,NA21113,10,10484,8690,27386,35516,33803,49631
GIH,NA21114,10,10291,8394,26811,36091,34526,49824
GIH,NA21115,10,10367,8367,27316,35586,33958,49748
GIH,NA21116,10,10233,8656,27253,35649,34264,49882
GIH,NA21117,10,10172,8629,27055,35847,34099,49943
GIH,NA21118,10,10332,8504,27251,35651,33938,49783
GIH,NA21119,10,10314,8219,27543,35359,33700,49801
GIH,NA21120,10,10182,8549,27333,35569,34289,49933
GIH,NA21122,10,9903,8608,27497,35405,34387,50212
GIH,NA21123,10,10311,8645,27210,35692,34013,49804
GIH,NA21124,10,10510,8461,26964,35938,33819,49605
GIH,NA21125,10,10312,8712,26961,35941,34687,49803
GIH,NA21126,10,10487,8400,26898,36004,34007,49628
GIH,NA21127,10,10541,8359,27233,35669,33792,49574
GIH,NA21128,10,10080,8481,27644,35258,33816,50035
GIH,NA21129,10,10222,8563,27515,35387,34227,49893
GIH,NA21130,10,10303,8359,27032,35870,34100,49812
GIH,NA21133,10,10493,8539,26808,36094,34315,49622
GIH,NA21135,10,10272,8518,27369,35533,34063,49843
GIH,NA21137,10,10373,8211,27170,35732,33733,49742
GIH,NA21141,10,10254,8807,27090,35812,34652,49861
GIH,NA21142,10,10176,8611,27566,35336,34549,49939
GIH,NA21143,10,10184,8566,27412,35490,34250,49931
GIH,NA21144,10,10677,8523,26839,36063,34274,49438
TSI,NA20502,10,9956,8398,27746,35156,33926,50159
TSI,NA20503,10,10100,8606,26918,35984,34844,50015
TSI,NA20504,10,10145,8309,27454,35448,33976,49970
TSI,NA20505,10,9601,8626,27811,35091,34260,50514
TSI,NA20506,10,9783,8643,27485,35417,34616,50332
TSI,NA20507,10,9703,8547,28032,34870,34236,50412
TSI,NA20508,10,9841,8604,27553,35349,34346,50274
TSI,NA20509,10,9830,8398,27508,35394,34127,50285
TSI,NA20510,10,10021,8468,27148,35754,34497,50094
TSI,NA20511,10,10039,8493,27227,35675,34527,50076
TSI,NA20512,10,9799,8602,27354,35548,34607,50316
TSI,NA20513,10,10106,8703,27374,35528,34375,50009
TSI,NA20514,10,10523,8795,27017,35885,34429,49592
TSI,NA20515,10,9810,8735,27255,35647,34859,50305
TSI,NA20516,10,10126,8601,27488,35414,34130,49989
TSI,NA20517,10,10249,8641,27293,35609,34609,49866
TSI,NA20518,10,10025,8686,27189,35713,34462,50090
TSI,NA20519,10,10376,8820,26665,36237,34827,49739
TSI,NA20520,10,9871,8840,27480,35422,34947,50244
TSI,NA20521,10,9983,8570,27495,35407,34265,50132
TSI,NA20522,10,10032,8535,27262,35640,34351,50083
TSI,NA20524,10,9719,8482,27645,35257,34605,50396
TSI,NA20525,10,9794,8790,27575,35327,34204,50321
TSI,NA20527,10,10159,8744,27350,35552,34320,49956
TSI,NA20528,10,10213,8352,27207,35695,34146,49902
TSI,NA20529,10,9786,8527,27931,34971,33873,50329
TSI,NA20530,10,10272,8561,27018,35884,34642,49843
TSI,NA20531,10,10069,8821,27389,35513,34367,50046
TSI,NA20532,10,10034,8504,27604,35298,34217,50081
TSI,NA20533,10,9967,8400,27435,35467,34300,50148
TSI,NA20534,10,9857,8545,27447,35455,34431,50258
TSI,NA20535,10,10172,8650,27302,35600,34454,49943
TSI,NA20536,10,9957,8841,27181,35721,34507,50158
TSI,NA20538,10,10083,8513,27417,35485,34352,50032
TSI,NA20539,10,10169,8520,27062,35840,34716,49946
TSI,NA20540,10,9605,8399,27779,35123,33831,50510
TSI,NA20541,10,10217,8591,27212,35690,34527,49898
TSI,NA20542,10,10306,8735,26793,36109,34620,49809
TSI,NA20543,10,9932,8664,27425,35477,34786,50183
TSI,NA20544,10,9808,8328,27809,35093,34204,50307
TSI,NA20581,10,9776,8652,27812,35090,34466,50339
TSI,NA20582,10,10055,8447,27255,35647,34275,50060
TSI,NA20585,10,9810,8815,27326,35576,34860,50305
TSI,NA20586,10,10026,8861,27173,35729,34725,50089
TSI,NA20587,10,10008,8577,27673,35229,34058,50107
TSI,NA20588,10,9689,8383,27500,35402,34295,50426
TSI,NA20589,10,9980,8651,27364,35538,34822,50135
TSI,NA20752,10,10330,8571,27113,35789,34270,49785
TSI,NA20753,10,9931,8493,27632,35270,34376,50184
TSI,NA20754,10,9776,8796,27618,35284,34954,50339
TSI,NA20755,10,9664,8645,27534,35368,34853,50451
TSI,NA20756,10,10227,8599,27402,35500,33791,49888
TSI,NA20757,10,9996,8836,27287,35615,34764,50119
TSI,NA20758,10,9849,8578,27293,35609,34395,50266
TSI,NA20759,10,10131,8646,26957,35945,34732,49984
TSI,NA20760,10,10084,8805,27199,35703,34292,50031
TSI,NA20761,10,10043,8572,27497,35405,34485,50072
TSI,NA20762,10,10377,8717,26933,35969,34534,49738
TSI,NA20763,10,10155,8675,27418,35484,34209,49960
TSI,NA20764,10,10154,8690,27300,35602,34620,49961
TSI,NA20765,10,9798,8552,27603,35299,34223,50317
TSI,NA20766,10,9860,8314,27963,34939,33934,50255
TSI,NA20767,10,10187,8482,27123,35779,34850,49928
TSI,NA20768,10,9742,8555,27551,35351,34488,50373
TSI,NA20769,10,9994,8733,27218,35684,34556,50121
TSI,NA20770,10,9732,8671,27421,35481,34566,50383
TSI,NA20771,10,10548,8645,26876,36026,34568,49567
TSI,NA20772,10,10256,8253,26968,35934,34249,49859
TSI,NA20773,10,9502,8772,27959,34943,34487,50613
TSI,NA20774,10,9680,8491,27791,35111,34338,50435
TSI,NA20775,10,9754,8515,27981,34921,34046,50361
TSI,NA20778,10,10614,8762,26526,36376,34858,49501
TSI,NA20783,10,10074,8468,27569,35333,34443,50041
TSI,NA20785,10,9956,8817,27414,35488,34685,50159
TSI,NA20786,10,9834,8677,27438,35464,34657,50281
TSI,NA20787,10,10089,8632,27027,35875,34847,50026
TSI,NA20790,10,10330,8405,27324,35578,34322,49785
TSI,NA20792,10,9957,8494,27543,35359,33987,50158
TSI,NA20795,10,10082,8817,27221,35681,34573,50033
TSI,NA20796,10,10341,8646,27415,35487,33715,49774
TSI,NA20797,10,10394,8431,27139,35763,34079,49721
TSI,NA20798,10,10024,8398,27216,35686,34394,50091
TSI,NA20799,10,9817,8448,27404,35498,34303,50298
TSI,NA20800,10,9978,8450,27362,35540,34304,50137
TSI,NA20801,10,9773,8644,27426,35476,34451,50342
TSI,NA20802,10,9938,8755,27532,35370,34392,50177
TSI,NA20803,10,9870,8727,27360,35542,34708,50245
TSI,NA20804,10,9855,8776,27831,35071,34222,50260
TSI,NA20805,10,9566,8420,27733,35169,34336,50549
TSI,NA20806,10,9929,8636,27731,35171,34475,50186
TSI,NA20807,10,10328,8390,27340,35562,34134,49787
TSI,NA20808,10,10299,8465,27223,35679,33863,49816
TSI,NA20809,10,9862,8716,27491,35411,34912,50253
TSI,NA20810,10,10148,8303,27635,35267,33474,49967
TSI,NA20811,10,10009,8893,27052,35850,35254,50106
TSI,NA20812,10,9657,8121,27752,35150,33800,50458
TSI,NA20813,10,10011,8435,27482,35420,34128,50104
TSI,NA20814,10,9965,8423,27589,35313,33826,50150
TSI,NA20815,10,9784,8540,27408,35494,34411,50331
TSI,NA20818,10,9787,8659,27540,35362,34597,50328
TSI,NA20819,10,10206,8381,27225,35677,34170,49909
TSI,NA20821,10,9919,8563,27331,35571,34367,50196
TSI,NA20822,10,9892,8389,27608,35294,34020,50223
TSI,NA20826,10,10440,8027,27190,35712,33850,49675
TSI,NA20827,10,10392,8566,27021,35881,34412,49723
TSI,NA20828,10,9786,8353,27768,35134,34259,50329
TSI,NA20832,10,9573,8401,27855,35047,34126,50542
CEU,NA06984,10,9881,8377,27732,35170,34219,50234
CEU,NA06985,10,10211,8531,27133,35769,34601,49904
CEU,NA06986,10,9965,8628,27480,35422,34446,50150
CEU,NA06989,10,9998,8591,27365,35537,34685,50117
CEU,NA06994,10,10182,8695,27632,35270,34211,49933
CEU,NA07000,10,10261,8728,27125,35777,34694,49854
CEU,NA07037,10,10215,8472,27185,35717,34324,49900
CEU,NA07048,10,9793,8398,27719,35183,34206,50322
CEU,NA07051,10,9932,8618,27789,35113,34188,50183
CEU,NA07056,10,10668,8559,26858,36044,34044,49447
CEU,NA07347,10,10323,8826,27074,35828,34338,49792
CEU,NA07357,10,9902,8431,28009,34893,33621,50213
CEU,NA10847,10,10129,8595,27208,35694,34619,49986
CEU,NA10851,10,9990,8613,27645,35257,34194,50125
CEU,NA11829,10,9643,8764,27694,35208,34359,50472
CEU,NA11830,10,10142,8664,27159,35743,34342,49973
CEU,NA11831,10,10381,8446,26926,35976,34135,49734
CEU,NA11832,10,10163,8607,27043,35859,34537,49952
CEU,NA11840,10,9881,8502,27477,35425,34555,50234
CEU,NA11843,10,9945,8681,27463,35439,34157,50170
CEU,NA11881,10,10180,8618,27034,35868,34750,49935
CEU,NA11892,10,10218,8613,27413,35489,34040,49897
CEU,NA11893,10,9939,8694,27240,35662,34641,50176
CEU,NA11894,10,10056,8485,27502,35400,34063,50059
CEU,NA11918,10,9791,8748,27850,35052,34606,50324
CEU,NA11919,10,10179,8410,27479,35423,34071,49936
CEU,NA11920,10,9969,9083,27370,35532,34909,50146
CEU,NA11930,10,10047,8618,26944,35958,34749,50068
CEU,NA11931,10,10533,8785,26717,36185,34596,49582
CEU,NA11932,10,9860,8663,27238,35664,34769,50255
CEU,NA11933,10,10225,8463,27373,35529,34321,49890
CEU,NA11992,10,10238,8304,27159,35743,34245,49877
CEU,NA11994,10,10069,8740,27204,35698,34839,50046
CEU,NA11995,10,10114,8773,27246,35656,34781,50001
CEU,NA12003,10,10066,8791,27352,35550,34694,50049
CEU,NA12004,10,10292,8484,27151,35751,34271,49823
CEU,NA12005,10,10134,8370,27384,35518,33871,49981
CEU,NA12006,10,10237,8634,26853,36049,34926,49878
CEU,NA12043,10,9756,8707,27754,35148,34619,50359
CEU,NA12044,10,10115,8894,27044,35858,34809,50000
CEU,NA12045,10,9835,8832,27320,35582,34933,50280
CEU,NA12046,10,10207,8356,27292,35610,34190,49908
CEU,NA12058,10,10179,8328,27090,35812,34207,49936
CEU,NA12144,10,9932,8479,27809,35093,34390,50183
CEU,NA12154,10,10052,8611,27283,35619,34437,50063
CEU,NA12155,10,10125,8686,26863,36039,34569,49990
CEU,NA12156,10,9660,8362,27652,35250,34118,50455
CEU,NA12234,10,10239,8430,27260,35642,34164,49876
CEU,NA12249,10,10361,8681,26745,36157,34662,49754
CEU,NA12272,10,10390,8311,26868,36034,34113,49725
CEU,NA12273,10,10204,8638,27392,35510,34522,49911
CEU,NA12275,10,10119,8743,27364,35538,34606,49996
CEU,NA12282,10,9895,8493,27550,35352,34077,50220
CEU,NA12283,10,9663,8749,27712,35190,34361,50452
CEU,NA12286,10,10163,8668,27114,35788,34614,49952
CEU,NA12287,10,9956,8438,27571,35331,34236,50159
CEU,NA12340,10,10004,8728,27225,35677,34768,50111
CEU,NA12341,10,10058,8368,27441,35461,34169,50057
CEU,NA12342,10,9925,8248,27509,35393,34079,50190
CEU,NA12347,10,9978,8400,27654,35248,33842,50137
CEU,NA12348,10,9729,8596,28007,34895,34417,50386
CEU,NA12383,10,10083,8595,27313,35589,34737,50032
CEU,NA12399,10,10204,8425,27677,35225,33920,49911
CEU,NA12400,10,10271,8468,27218,35684,33987,49844
CEU,NA12413,10,9859,8749,27432,35470,34324,50256
CEU,NA12414,10,10243,8969,26988,35914,35078,49872
CEU,NA12489,10,10224,8749,27221,35681,34584,49891
CEU,NA12546,10,10096,8901,27402,35500,34680,50019
CEU,NA12716,10,9812,8557,27600,35302,34635,50303
CEU,NA12717,10,10384,8319,27208,35694,33676,49731
CEU,NA12718,10,10038,8453,27241,35661,34319,50077
CEU,NA12748,10,9932,8252,27724,35178,34105,50183
CEU,NA12749,10,9772,8587,27440,35462,34483,50343
CEU,NA12750,10,9990,8443,27608,35294,33941,50125
CEU,NA12751,10,9960,8639,27428,35474,34535,50155
CEU,NA12760,10,10321,8565,27187,35715,34644,49794
CEU,NA12761,10,9818,8635,27772,35130,34270,50297
CEU,NA12762,10,10520,8531,27009,35893,34466,49595
CEU,NA12763,10,10050,8681,26944,35958,35089,50065
CEU,NA12775,10,10111,8446,27316,35586,34478,50004
CEU,NA12776,10,9685,8558,27645,35257,34607,50430
CEU,NA12777,10,10127,8476,27403,35499,34152,49988
CEU,NA12778,10,10075,8634,27074,35828,34323,50040
CEU,NA12812,10,10295,8746,26941,35961,34654,49820
CEU,NA12813,10,9997,8705,27663,35239,34236,50118
CEU,NA12814,10,10407,8329,27236,35666,34053,49708
CEU,NA12815,10,9898,8630,27592,35310,34362,50217
CEU,NA12827,10,10018,8835,27421,35481,34669,50097
CEU,NA12828,10,10006,8637,27434,35468,34294,50109
CEU,NA12829,10,10294,8562,26969,35933,34564,49821
CEU,NA12830,10,10181,8623,27078,35824,34584,49934
CEU,NA12842,10,10249,8446,27154,35748,34425,49866
CEU,NA12843,10,10120,8359,27340,35562,34146,49995
CEU,NA12872,10,9836,8578,27883,35019,34603,50279
CEU,NA12873,10,10037,8454,27439,35463,34110,50078
CEU,NA12874,10,10048,8462,27400,35502,34224,50067
CEU,NA12878,10,10043,8628,27007,35895,34946,50072
CEU,NA12889,10,10138,8412,27313,35589,34097,49977
CEU,NA12890,10,9965,8773,27470,35432,34523,50150
IBS,HG01500,10,10130,8461,27198,35704,34261,49985
IBS,HG01501,10,10021,8428,27342,35560,34265,50094
IBS,HG01503,10,9785,8368,28044,34858,33551,50330
IBS,HG01504,10,9708,8592,27694,35208,34169,50407
IBS,HG01506,10,9998,8705,27645,35257,34018,50117
IBS,HG01507,10,10097,8232,27177,35725,34071,50018
IBS,HG01509,10,10084,8551,27508,35394,34401,50031
IBS,HG01510,10,10059,8660,27033,35869,34809,50056
IBS,HG01512,10,10233,8527,27282,35620,34220,49882
IBS,HG01513,10,10374,8531,27108,35794,33894,49741
IBS,HG01515,10,10269,8768,27083,35819,34617,49846
IBS,HG01516,10,10288,8728,27013,35889,34496,49827
IBS,HG01518,10,10280,8588,27221,35681,34205,49835
IBS,HG01519,10,10051,8499,27646,35256,33993,50064
IBS,HG01521,10,9848,8564,27437,35465,34640,50267
IBS,HG01522,10,10378,8310,26934,35968,34280,49737
IBS,HG01524,10,10001,8700,27335,35567,34620,50114
IBS,HG01525,10,9835,8502,27574,35328,34490,50280
IBS,HG01527,10,10585,8414,26659,36243,34390,49530
IBS,HG01528,10,10171,8549,27303,35599,34351,49944
IBS,HG01530,10,10208,8413,26993,35909,34569,49907
IBS,HG01531,10,9958,8783,27363,35539,34691,50157
IBS,HG01536,10,10288,8650,26861,36041,34743,49827
IBS,HG01537,10,10229,8480,27257,35645,34684,49886
IBS,HG01602,10,10181,8464,27395,35507,33936,49934
IBS,HG01603,10,10144,8318,27803,35099,33418,49971
IBS,HG01605,10,10284,8512,27221,35681,34251,49831
IBS,HG01606,10,9971,8328,27504,35398,33881,50144
IBS,HG01607,10,10311,8712,26999,35903,34497,49804
IBS,HG01608,10,9829,8521,27461,35441,34429,50286
IBS,HG01610,10,10737,8374,26791,36111,33743,49378
IBS,HG01612,10,10187,8591,27210,35692,34341,49928
IBS,HG01613,10,10085,8572,26946,35956,34343,50030
IBS,HG01615,10,10217,8507,27230,35672,33999,49898
IBS,HG01617,10,9718,8678,27448,35454,34596,50397
IBS,HG01618,10,9726,8570,27567,35335,34422,50389
IBS,HG01619,10,9952,8591,27492,35410,34306,50163
IBS,HG01620,10,10130,8530,27011,35891,34351,49985
IBS,HG01623,10,9835,8956,27405,35497,34876,50280
IBS,HG01624,10,10075,8695,27257,35645,34307,50040
IBS,HG01625,10,10127,8616,27454,35448,34494,49988
IBS,HG01626,10,10024,8596,27570,35332,34148,50091
IBS,HG01628,10,9718,8316,27944,34958,33556,50397
IBS,HG01630,10,9361,8601,28069,34833,34458,50754
IBS,HG01631,10,10057,8764,27486,35416,34588,50058
IBS,HG01632,10,9925,8549,27690,35212,34300,50190
IBS,HG01668,10,9813,8381,27584,35318,34148,50302
IBS,HG01669,10,10173,8481,27347,35555,33638,49942
IBS,HG01670,10,9953,8521,27143,35759,34144,50162
IBS,HG01672,10,10080,8377,27041,35861,34389,50035
IBS,HG01673,10,10006,8482,27522,35380,33749,50109
IBS,HG01675,10,10033,8754,27434,35468,34424,50082
IBS,HG01676,10,9867,8273,27567,35335,34175,50248
IBS,HG01678,10,9836,8846,27429,35473,34523,50279
IBS,HG01679,10,9921,8309,27626,35276,34260,50194
IBS,HG01680,10,10022,8628,27311,35591,34405,50093
IBS,HG01682,10,9978,8516,27458,35444,34317,50137
IBS,HG01684,10,9668,8691,27594,35308,34841,50447
IBS,HG01685,10,9859,8546,27688,35214,34068,50256
IBS,HG01686,10,10102,8467,27316,35586,34106,50013
IBS,HG01694,10,10276,8692,26972,35930,34485,49839
IBS,HG01695,10,10182,8427,27420,35482,34406,49933
IBS,HG01697,10,9690,8485,27852,35050,34125,50425
IBS,HG01699,10,9711,8645,27716,35186,34526,50404
IBS,HG01700,10,10233,8539,27280,35622,34150,49882
IBS,HG01702,10,9860,8751,27667,35235,34410,50255
IBS,HG01704,10,10023,8297,27306,35596,34132,50092
IBS,HG01705,10,10016,8655,27171,35731,34759,50099
IBS,HG01707,10,9900,8560,27921,34981,33835,50215
IBS,HG01708,10,9809,8850,27485,35417,34919,50306
IBS,HG01709,10,9899,8494,27609,35293,34189,50216
IBS,HG01710,10,10067,8824,27002,35900,34654,50048
IBS,HG01746,10,9726,8621,27640,35262,34568,50389
IBS,HG01747,10,10443,8447,26844,36058,34926,49672
IBS,HG01756,10,10130,8568,27126,35776,34398,49985
IBS,HG01757,10,9819,8682,27805,35097,34351,50296
IBS,HG01761,10,10411,8385,27221,35681,34173,49704
IBS,HG01762,10,10056,8266,27464,35438,34149,50059
IBS,HG01765,10,9921,8866,27258,35644,34972,50194
IBS,HG01766,10,10244,8451,27022,35880,34382,49871
IBS,HG01767,10,9940,8591,27490,35412,34402,50175
IBS,HG01768,10,9901,8466,27734,35168,34019,50214
IBS,HG01770,10,9937,8607,27626,35276,34490,50178
IBS,HG01771,10,10232,8470,26949,35953,34611,49883
IBS,HG01773,10,10172,8621,27050,35852,34787,49943
IBS,HG01775,10,9813,8588,27391,35511,34383,50302
IBS,HG01776,10,10121,8710,27428,35474,34345,49994
IBS,HG01777,10,10013,8545,27415,35487,34500,50102
IBS,HG01779,10,10588,8550,26721,36181,34301,49527
IBS,HG01781,10,10237,8606,27102,35800,34662,49878
IBS,HG01783,10,10327,8290,27014,35888,34095,49788
IBS,HG01784,10,9880,8522,27411,35491,34589,50235
IBS,HG01785,10,10004,8586,27403,35499,34151,50111
IBS,HG01786,10,10500,8661,26827,36075,34225,49615
IBS,HG02219,10,9702,8703,27696,35206,34538,50413
IBS,HG02220,10,9992,8751,26954,35948,34761,50123
IBS,HG02221,10,9878,8592,27392,35510,34128,50237
IBS,HG02223,10,9800,8714,27390,35512,34222,50315
IBS,HG02224,10,9868,8401,27550,35352,33781,50247
IBS,HG02230,10,10588,8857,26511,36391,34596,49527
IBS,HG02231,10,10090,8425,27577,35325,33856,50025
IBS,HG02232,10,10317,8632,27034,35868,34221,49798
IBS,HG02233,10,9998,8644,27384,35518,34574,50117
IBS,HG02235,10,9966,8454,27429,35473,34279,50149
IBS,HG02236,10,10358,8226,26863,36039,34271,49757
IBS,HG02238,10,10153,8343,27403,35499,33997,49962
IBS,HG02239,10,10034,8552,27154,35748,34387,50081
GBR,HG00096,10,10013,8283,27521,35381,34240,50102
GBR,HG00097,10,10081,8557,27119,35783,34981,50034
GBR,HG00099,10,9978,8390,27431,35471,34045,50137
GBR,HG00100,10,9920,8601,27359,35543,34558,50195
GBR,HG00101,10,10107,8367,27212,35690,34470,50008
GBR,HG00102,10,10208,8810,27413,35489,34639,49907
GBR,HG00103,10,10121,8567,27225,35677,34227,49994
GBR,HG00105,10,10139,8463,27491,35411,33703,49976
GBR,HG00106,10,10038,8551,27100,35802,34506,50077
GBR,HG00107,10,9830,8727,27792,35110,34441,50285
GBR,HG00108,10,9917,8352,27671,35231,33952,50198
GBR,HG00109,10,10358,8412,27215,35687,34514,49757
GBR,HG00110,10,9985,8583,27472,35430,34381,50130
GBR,HG00111,10,10377,8534,26963,35939,34374,49738
GBR,HG00112,10,10110,8617,27360,35542,34485,50005
GBR,HG00113,10,10179,8632,27080,35822,34339,49936
GBR,HG00114,10,10016,8521,27533,35369,34223,50099
GBR,HG00115,10,9684,8786,27736,35166,34384,50431
GBR,HG00116,10,9912,8919,27331,35571,34879,50203
GBR,HG00117,10,9965,8455,27775,35127,34449,50150
GBR,HG00118,10,9923,8506,27418,35484,34412,50192
GBR,HG00119,10,10402,8756,26785,36117,34758,49713
GBR,HG00120,10,10040,8595,26847,36055,34726,50075
GBR,HG00121,10,9903,8699,27662,35240,34364,50212
GBR,HG00122,10,10282,8714,27012,35890,34334,49833
GBR,HG00123,10,10754,8153,26669,36233,34323,49361
GBR,HG00125,10,10145,8688,27024,35878,34614,49970
GBR,HG00126,10,10435,8726,26865,36037,34820,49680
GBR,HG00127,10,10030,8629,27227,35675,34629,50085
GBR,HG00128,10,10086,8442,27429,35473,34027,50029
GBR,HG00129,10,10000,8269,27595,35307,34033,50115
GBR,HG00130,10,9936,8492,27134,35768,34537,50179
GBR,HG00131,10,9989,8523,27194,35708,34528,50126
GBR,HG00132,10,10364,8964,26768,36134,35124,49751
GBR,HG00133,10,9902,8699,27467,35435,34308,50213
GBR,HG00136,10,10064,8480,27275,35627,33849,50051
GBR,HG00137,10,10045,8627,27297,35605,34233,50070
GBR,HG00138,10,10051,8501,27689,35213,33753,50064
GBR,HG00139,10,10134,8493,27261,35641,34061,49981
GBR,HG00140,10,9788,8602,27954,34948,34060,50327
GBR,HG00141,10,9966,8257,27549,35353,34203,50149
GBR,HG00142,10,10050,8465,27584,35318,34153,50065
GBR,HG00143,10,9788,8415,27797,35105,33972,50327
GBR,HG00145,10,10103,8484,27297,35605,34243,50012
GBR,HG00146,10,9865,8472,27392,35510,34541,50250
GBR,HG00148,10,9847,8827,27187,35715,34840,50268
GBR,HG00149,10,9806,8774,27467,35435,34437,50309
GBR,HG00150,10,9897,8562,27702,35200,34004,50218
GBR,HG00151,10,10005,8567,27484,35418,34269,50110
GBR,HG00154,10,10154,8239,27534,35368,33629,49961
GBR,HG00155,10,9957,8541,27555,35347,33970,50158
GBR,HG00157,10,9977,8710,27632,35270,34531,50138
GBR,HG00158,10,9898,8948,27116,35786,34987,50217
GBR,HG00159,10,9751,8684,27679,35223,34627,50364
GBR,HG00160,10,9937,8540,27445,35457,34208,50178
GBR,HG00231,10,10222,8825,26779,36123,34727,49893
GBR,HG00232,10,9595,8599,28057,34845,34014,50520
GBR,HG00233,10,10079,8771,27275,35627,34482,50036
GBR,HG00234,10,10218,8752,27181,35721,34750,49897
GBR,HG00235,10,10472,8467,27475,35427,33879,49643
GBR,HG00236,10,10320,8397,27387,35515,34156,49795
GBR,HG00237,10,9957,8780,27771,35131,34286,50158
GBR,HG00238,10,9816,8641,27576,35326,34554,50299
GBR,HG00239,10,10283,8781,27181,35721,34660,49832
GBR,HG00240,10,10005,8873,27525,35377,34648,50110
GBR,HG00242,10,10316,8413,26991,35911,34195,49799
GBR,HG00243,10,10451,8537,26915,35987,34511,49664
GBR,HG00244,10,9812,8617,27792,35110,34548,50303
GBR,HG00245,10,10016,8831,27192,35710,34885,50099
GBR,HG00246,10,9966,8724,27489,35413,34275,50149
GBR,HG00250,10,9957,8481,27296,35606,34558,50158
GBR,HG00251,10,10128,8562,27404,35498,34212,49987
GBR,HG00252,10,10073,8289,27531,35371,33987,50042
GBR,HG00253,10,10349,8446,27365,35537,34034,49766
GBR,HG00254,10,10045,8346,27527,35375,34236,50070
GBR,HG00255,10,10058,8397,27645,35257,33978,50057
GBR,HG00256,10,10084,8597,27743,35159,33961,50031
GBR,HG00257,10,10039,8563,27141,35761,34469,50076
GBR,HG00258,10,9931,8545,27501,35401,34204,50184
GBR,HG00259,10,10143,8353,27654,35248,33945,49972
GBR,HG00260,10,10342,8562,27240,35662,34234,49773
GBR,HG00261,10,9895,8675,27385,35517,34666,50220
GBR,HG00262,10,10160,8672,27221,35681,34303,49955
GBR,HG00263,10,9657,8636,27812,35090,33905,50458
GBR,HG00264,10,10048,8419,27843,35059,33770,50067
GBR,HG00265,10,9767,8638,27488,35414,34657,50348
GBR,HG01334,10,10115,8481,27397,35505,34142,50000
GBR,HG01789,10,10058,8740,27290,35612,34473,50057
GBR,HG01790,10,10037,8415,27380,35522,34041,50078
GBR,HG01791,10,10098,8367,27299,35603,34330,50017
GBR,HG02215,10,9486,8923,27635,35267,35112,50629
FIN,HG00171,10,10288,8237,27188,35714,33909,49827
FIN,HG00173,10,9872,8441,27648,35254,33854,50243
FIN,HG00174,10,9991,8666,27648,35254,34080,50124
FIN,HG00176,10,9883,8703,27436,35466,34708,50232
FIN,HG00177,10,9924,8639,27690,35212,34445,50191
FIN,HG00178,10,10353,8720,26864,36038,34301,49762
FIN,HG00179,10,9719,8571,27754,35148,34079,50396
FIN,HG00180,10,10142,8432,27411,35491,33830,49973
FIN,HG00181,10,9981,8632,27311,35591,34306,50134
FIN,HG00182,10,10169,8577,27785,35117,34160,49946
FIN,HG00183,10,10067,8489,27606,35296,33917,50048
FIN,HG00185,10,9995,8486,27758,35144,34253,50120
FIN,HG00186,10,9980,8852,27587,35315,34449,50135
FIN,HG00187,10,10567,8633,26883,36019,34282,49548
FIN,HG00188,10,10604,8350,26858,36044,34477,49511
FIN,HG00189,10,9982,8624,27044,35858,34976,50133
FIN,HG00190,10,9970,8629,27389,35513,34681,50145
FIN,HG00266,10,10210,8394,27611,35291,33712,49905
FIN,HG00267,10,10079,8499,27728,35174,33594,50036
FIN,HG00268,10,9916,8661,27535,35367,34825,50199
FIN,HG00269,10,10171,8394,27612,35290,33426,49944
FIN,HG00271,10,10160,8527,27360,35542,34450,49955
FIN,HG00272,10,10090,8409,27562,35340,33897,50025
FIN,HG00273,10,10115,8360,27607,35295,34283,50000
FIN,HG00274,10,10253,8592,27076,35826,34499,49862
FIN,HG00275,10,9819,8474,27730,35172,34153,50296
FIN,HG00276,10,10349,8473,26881,36021,34225,49766
FIN,HG00277,10,10154,8642,27690,35212,33942,49961
FIN,HG00278,10,10187,8407,27053,35849,34059,49928
FIN,HG00280,10,10400,8356,27468,35434,33742,49715
FIN,HG00281,10,9811,8457,27656,35246,34212,50304
FIN,HG00282,10,9924,8329,27644,35258,33689,50191
FIN,HG00284,10,10147,8396,27510,35392,33969,49968
FIN,HG00285,10,10045,8601,27626,35276,34062,50070
FIN,HG00288,10,9896,8490,27483,35419,34177,50219
FIN,HG00290,10,10205,8454,27495,35407,34133,49910
FIN,HG00304,10,10499,8382,27033,35869,34152,49616
FIN,HG00306,10,10105,8641,27526,35376,34441,50010
FIN,HG00308,10,9972,8565,27554,35348,33981,50143
FIN,HG00309,10,10010,8649,27337,35565,34510,50105
FIN,HG00310,10,9920,8637,27407,35495,34294,50195
FIN,HG00311,10,9813,8474,27913,34989,33710,50302
FIN,HG00313,10,10118,8822,27355,35547,34460,49997
FIN,HG00315,10,10566,8717,26807,36095,34206,49549
FIN,HG00318,10,9682,8580,27823,35079,34418,50433
FIN,HG00319,10,9990,8690,27630,35272,34119,50125
FIN,HG00320,10,10129,8853,27587,35315,34234,49986
FIN,HG00321,10,10031,8543,27438,35464,34143,50084
FIN,HG00323,10,10111,8410,27583,35319,34291,50004
FIN,HG00324,10,10146,8406,27145,35757,34028,49969
FIN,HG00325,10,10117,8171,27840,35062,33313,49998
FIN,HG00326,10,10334,8529,26985,35917,34263,49781
FIN,HG00327,10,10217,8355,27483,35419,33811,49898
FIN,HG00328,10,9967,8500,27529,35373,34370,50148
FIN,HG00329,10,10310,8430,27104,35798,34404,49805
FIN,HG00330,10,10281,8487,27052,35850,34250,49834
FIN,HG00331,10,9838,8798,27493,35409,34643,50277
FIN,HG00332,10,10229,8419,27439,35463,34178,49886
FIN,HG00334,10,10194,8473,27572,35330,33907,49921
FIN,HG00335,10,10034,8607,27682,35220,34408,50081
FIN,HG00336,10,10237,8353,27488,35414,33737,49878
FIN,HG00337,10,10156,8814,27203,35699,34568,49959
FIN,HG00338,10,10130,8488,27168,35734,34252,49985
FIN,HG00339,10,9926,8235,27785,35117,33485,50189
FIN,HG00341,10,10119,8756,27244,35658,34860,49996
FIN,HG00342,10,10036,8532,27399,35503,34324,50079
FIN,HG00343,10,10049,8695,27165,35737,34400,50066
FIN,HG00344,10,10271,8589,27396,35506,34295,49844
FIN,HG00345,10,9719,8638,27817,35085,34221,50396
FIN,HG00346,10,10473,8630,26688,36214,34518,49642
FIN,HG00349,10,9978,8666,27362,35540,34800,50137
FIN,HG00350,10,9746,8404,27647,35255,34202,50369
FIN,HG00351,10,9699,8423,27845,35057,34112,50416
FIN,HG00353,10,10076,8539,27514,35388,34385,50039
FIN,HG00355,10,10477,8229,27159,35743,33792,49638
FIN,HG00356,10,9926,8531,27487,35415,34381,50189
FIN,HG00357,10,9728,8588,27537,35365,34130,50387
FIN,HG00358,10,10097,8413,27557,35345,34130,50018
FIN,HG00360,10,9891,8579,27511,35391,34150,50224
FIN,HG00361,10,10184,8496,27515,35387,33883,49931
FIN,HG00362,10,9698,8633,27843,35059,34250,50417
FIN,HG00364,10,9894,8473,27675,35227,34380,50221
FIN,HG00365,10,10166,8401,27271,35631,34025,49949
FIN,HG00366,10,10013,8869,27403,35499,34521,50102
FIN,HG00367,10,10050,8193,27732,35170,33416,50065
FIN,HG00368,10,9823,8332,27852,35050,34195,50292
FIN,HG00369,10,10525,8572,27353,35549,33779,49590
FIN,HG00371,10,10126,8620,27373,35529,34526,49989
FIN,HG00372,10,10324,8452,27351,35551,33821,49791
FIN,HG00373,10,9695,8750,27724,35178,34188,50420
FIN,HG00375,10,9918,8875,27443,35459,34765,50197
FIN,HG00376,10,10083,8547,27636,35266,33940,50032
FIN,HG00378,10,9903,8290,27829,35073,33737,50212
FIN,HG00379,10,10044,8647,27519,35383,34544,50071
FIN,HG00380,10,9798,8545,27661,35241,34148,50317
FIN,HG00381,10,10100,8538,27170,35732,34524,50015
FIN,HG00382,10,10256,8441,27080,35822,34197,49859
FIN,HG00383,10,9980,8541,27305,35597,34419,50135
FIN,HG00384,10,10299,8419,27446,35456,34118,49816
CHB,NA18525,10,10303,8383,27586,35316,33326,49812
CHB,NA18526,10,10212,8507,27403,35499,33943,49903
CHB,NA18528,10,10372,8385,27122,35780,34159,49743
CHB,NA18530,10,10194,8547,27651,35251,33504,49921
CHB,NA18531,10,10297,8508,26907,35995,34409,49818
CHB,NA18532,10,10566,8658,26839,36063,34537,49549
CHB,NA18533,10,10505,8682,26787,36115,34411,49610
CHB,NA18534,10,10072,8555,27378,35524,33462,50043
CHB,NA18535,10,10340,8708,27122,35780,34295,49775
CHB,NA18536,10,10415,8416,27121,35781,34204,49700
CHB,NA18537,10,10188,8657,27235,35667,33747,49927
CHB,NA18538,10,11219,8468,26331,36571,34037,48896
CHB,NA18539,10,10117,8485,27684,35218,33749,49998
CHB,NA18541,10,10666,8436,27043,35859,33712,49449
CHB,NA18542,10,10096,8725,27268,35634,34392,50019
CHB,NA18543,10,10786,8603,26767,36135,34088,49329
CHB,NA18544,10,10821,8603,26925,35977,33944,49294
CHB,NA18545,10,10137,8307,27191,35711,33805,49978
CHB,NA18546,10,10719,8532,27086,35816,33934,49396
CHB,NA18547,10,10208,8732,27482,35420,34092,49907
CHB,NA18548,10,10584,8466,26951,35951,34207,49531
CHB,NA18549,10,10238,8397,27078,35824,34055,49877
CHB,NA18550,10,10302,8431,27098,35804,34191,49813
CHB,NA18552,10,10764,8547,26614,36288,34014,49351
CHB,NA18553,10,10624,8788,27054,35848,34143,49491
CHB,NA18555,10,10219,8742,27144,35758,34405,49896
CHB,NA18557,10,10141,8573,27431,35471,33921,49974
CHB,NA18558,10,10630,8578,26859,36043,33802,49485
CHB,NA18559,10,10382,8535,26904,35998,34234,49733
CHB,NA18560,10,10706,8902,26562,36340,34664,49409
CHB,NA18561,10,10380,8331,27485,35417,33715,49735
CHB,NA18562,10,10233,8388,27385,35517,33672,49882
CHB,NA18563,10,10687,8574,27116,35786,33707,49428
CHB,NA18564,10,10624,8505,27224,35678,33870,49491
CHB,NA18565,10,10277,8816,27352,35550,34431,49838
CHB,NA18566,10,10302,8438,26999,35903,34240,49813
CHB,NA18567,10,10313,8577,27567,35335,33775,49802
CHB,NA18570,10,10291,8589,27211,35691,33768,49824
CHB,NA18571,10,10424,8653,26992,35910,34196,49691
CHB,NA18572,10,10430,8609,27313,35589,33606,49685
CHB,NA18573,10,10188,8597,26971,35931,34395,49927
CHB,NA18574,10,10824,8440,26584,36318,34009,49291
CHB,NA18577,10,10364,8759,27000,35902,34560,49751
CHB,NA18579,10,10522,8835,26906,35996,34508,49593
CHB,NA18582,10,10413,8399,27251,35651,33509,49702
CHB,NA18591,10,10775,8810,26742,36160,34365,49340
CHB,NA18592,10,10281,8671,26977,35925,34376,49834
CHB,NA18593,10,10131,8855,27452,35450,34277,49984
CHB,NA18595,10,10356,8416,27123,35779,33798,49759
CHB,NA18596,10,10382,8824,27119,35783,34465,49733
CHB,NA18597,10,10000,8701,27592,35310,33874,50115
CHB,NA18599,10,10304,8505,27356,35546,33779,49811
CHB,NA18602,10,10394,8579,27037,35865,33512,49721
CHB,NA18603,10,10335,8712,26839,36063,34426,49780
CHB,NA18605,10,10501,8697,26877,36025,34369,49614
CHB,NA18606,10,10189,8585,27513,35389,33848,49926
CHB,NA18608,10,10238,8561,27306,35596,34465,49877
CHB,NA18609,10,10337,8473,27367,35535,33619,49778
CHB,NA18610,10,10456,8524,27514,35388,33798,49659
CHB,NA18611,10,10487,8485,27330,35572,33872,49628
CHB,NA18612,10,10184,8716,27133,35769,34219,49931
CHB,NA18613,10,10561,8703,27039,35863,33625,49554
CHB,NA18614,10,10110,8326,27593,35309,33782,50005
CHB,NA18615,10,10281,8506,27271,35631,34298,49834
CHB,NA18616,10,10872,8522,26639,36263,34127,49243
CHB,NA18617,10,10533,8360,27477,35425,33445,49582
CHB,NA18618,10,10275,8571,27473,35429,33694,49840
CHB,NA18619,10,10142,8327,27539,35363,33522,49973
CHB,NA18620,10,10875,8639,26451,36451,34302,49240
CHB,NA18621,10,10371,8648,27302,35600,34225,49744
CHB,NA18622,10,10229,8775,26876,36026,34677,49886
CHB,NA18623,10,10283,8773,27582,35320,34034,49832
CHB,NA18624,10,10704,8467,26855,36047,34030,49411
CHB,NA18625,10,10683,8502,26757,36145,33963,49432
CHB,NA18626,10,10540,8528,27073,35829,34186,49575
CHB,NA18627,10,10590,8647,27168,35734,33919,49525
CHB,NA18628,10,10434,8432,26925,35977,34003,49681
CHB,NA18629,10,10097,8750,27253,35649,34320,50018
CHB,NA18630,10,10108,8563,27601,35301,33507,50007
CHB,NA18631,10,10178,8573,27287,35615,34249,49937
CHB,NA18632,10,10397,8501,27208,35694,33884,49718
CHB,NA18633,10,10331,8313,27453,35449,33958,49784
CHB,NA18634,10,10298,8336,27400,35502,33861,49817
CHB,NA18635,10,10387,8705,27251,35651,34128,49728
CHB,NA18636,10,10606,8587,27042,35860,34205,49509
CHB,NA18637,10,10192,8479,27487,35415,33718,49923
CHB,NA18638,10,10335,8869,26913,35989,34409,49780
CHB,NA18639,10,10592,8758,26991,35911,33948,49523
CHB,NA18640,10,10122,8724,27361,35541,34154,49993
CHB,NA18641,10,10340,9001,27451,35451,34175,49775
CHB,NA18642,10,10534,8747,26766,36136,34059,49581
CHB,NA18643,10,10433,8437,26871,36031,33947,49682
CHB,NA18644,10,10232,8340,27195,35707,33825,49883
CHB,NA18645,10,10559,8542,26925,35977,33932,49556
CHB,NA18646,10,10076,8516,27831,35071,33705,50039
CHB,NA18647,10,10470,8323,27475,35427,33510,49645
CHB,NA18648,10,10421,8495,27418,35484,33341,49694
CHB,NA18740,10,10761,8489,26950,35952,33838,49354
CHB,NA18745,10,10299,8615,27390,35512,33907,49816
CHB,NA18747,10,10693,8656,26590,36312,34574,49422
CHB,NA18748,10,10439,8455,27089,35813,33614,49676
CHB,NA18749,10,10289,8540,27411,35491,33903,49826
CHB,NA18757,10,10116,8653,27475,35427,34455,49999
KHV,HG01595,10,10703,8456,27019,35883,33728,49412
KHV,HG01596,10,10085,8740,27441,35461,34260,50030
KHV,HG01597,10,10259,8817,27216,35686,34731,49856
KHV,HG01598,10,10604,8747,26647,36255,34208,49511
KHV,HG01599,10,10057,8517,27065,35837,34124,50058
KHV,HG01600,10,10368,8665,27247,35655,34219,49747
KHV,HG01840,10,10253,8270,27459,35443,33744,49862
KHV,HG01841,10,10715,8720,26888,36014,34258,49400
KHV,HG01842,10,10367,8557,27279,35623,33831,49748
KHV,HG01843,10,10673,8335,27260,35642,33469,49442
KHV,HG01844,10,10331,8660,27124,35778,33861,49784
KHV,HG01845,10,10175,8548,27073,35829,34277,49940
KHV,HG01846,10,10374,8632,27106,35796,34168,49741
KHV,HG01847,10,10480,8519,27189,35713,33859,49635
KHV,HG01848,10,10265,8591,27160,35742,34203,49850
KHV,HG01849,10,10636,8284,27268,35634,33594,49479
KHV,HG01850,10,9947,8801,27368,35534,34748,50168
KHV,HG01851,10,10693,8540,26831,36071,34155,49422
KHV,HG01852,10,10332,8411,27142,35760,33959,49783
KHV,HG01853,10,10584,8481,27092,35810,34116,49531
KHV,HG01855,10,10652,8681,26854,36048,34086,49463
KHV,HG01857,10,10682,8471,26993,35909,33980,49433
KHV,HG01858,10,10002,8607,27236,35666,34521,50113
KHV,HG01859,10,10247,8667,27285,35617,34345,49868
KHV,HG01860,10,10469,8353,27443,35459,33732,49646
KHV,HG01861,10,10506,8625,26902,36000,34327,49609
KHV,HG01862,10,10367,8327,27442,35460,33702,49748
KHV,HG01863,10,10332,8534,27136,35766,33865,49783
KHV,HG01864,10,10459,8525,27286,35616,33971,49656
KHV,HG01865,10,10085,8338,27832,35070,33615,50030
KHV,HG01866,10,10564,8491,26835,36067,33889,49551
KHV,HG01867,10,10279,8497,27470,35432,33749,49836
KHV,HG01868,10,10151,8653,27214,35688,34186,49964
KHV,HG01869,10,10064,8518,27327,35575,33922,50051
KHV,HG01870,10,10799,8388,26775,36127,33470,49316
KHV,HG01871,10,10560,8318,26979,35923,34048,49555
KHV,HG01872,10,9973,8406,27563,35339,34337,50142
KHV,HG01873,10,10484,8683,27021,35881,34137,49631
KHV,HG01874,10,10486,8520,27117,35785,34143,49629
KHV,HG01878,10,10111,8755,27251,35651,34308,50004
KHV,HG02016,10,10616,8405,27605,35297,32931,49499
KHV,HG02017,10,10376,8359,27377,35525,33744,49739
KHV,HG02019,10,10524,8613,26740,36162,34241,49591
KHV,HG02020,10,10266,8542,27077,35825,34151,49849
KHV,HG02023,10,10708,8558,26603,36299,34164,49407
KHV,HG02025,10,10524,8536,27256,35646,34052,49591
KHV,HG02026,10,10546,8403,26905,35997,34237,49569
KHV,HG02028,10,10072,8416,27474,35428,33641,50043
KHV,HG02029,10,10511,8286,27300,35602,33334,49604
KHV,HG02031,10,10721,8771,26401,36501,34367,49394
KHV,HG02032,10,10189,8640,27305,35597,34001,49926
KHV,HG02035,10,10342,8820,27281,35621,34234,49773
KHV,HG02040,10,10481,8644,26950,35952,34193,49634
KHV,HG02047,10,10505,8625,27047,35855,33982,49610
KHV,HG02048,10,10365,8349,27078,35824,33683,49750
KHV,HG02049,10,10374,8476,27510,35392,33585,49741
KHV,HG02050,10,10157,8530,27514,35388,33865,49958
KHV,HG02057,10,10501,8545,27348,35554,33888,49614
KHV,HG02058,10,10123,8684,27157,35745,34624,49992
KHV,HG02060,10,10439,8535,27072,35830,34019,49676
KHV,HG02061,10,10327,8605,27333,35569,34174,49788
KHV,HG02064,10,10316,8736,27180,35722,34339,49799
KHV,HG02067,10,10397,8677,26545,36357,34359,49718
KHV,HG02069,10,10463,8555,27242,35660,33917,49652
KHV,HG02070,10,10378,8493,27014,35888,34442,49737
KHV,HG02072,10,10455,8815,26771,36131,34458,49660
KHV,HG02073,10,10458,8514,27217,35685,34054,49657
KHV,HG02075,10,10214,8540,27111,35791,34209,49901
KHV,HG02076,10,10481,8800,27207,35695,34261,49634
KHV,HG02078,10,10214,8425,27553,35349,33556,49901
KHV,HG02079,10,10509,8603,27165,35737,33993,49606
KHV,HG02081,10,10501,8679,26883,36019,34276,49614
KHV,HG02082,10,10435,8600,27053,35849,34053,49680
KHV,HG02084,10,10152,8513,27288,35614,33981,49963
KHV,HG02085,10,10529,8772,26605,36297,34392,49586
KHV,HG02086,10,10345,8416,27340,35562,33841,49770
KHV,HG02087,10,9935,8653,27304,35598,34318,50180
KHV,HG02088,10,10105,8456,27567,35335,33900,50010
KHV,HG02113,10,10516,8276,27296,35606,33779,49599
KHV,HG02116,10,10591,8639,26670,36232,34346,49524
KHV,HG02121,10,10824,8621,26599,36303,34129,49291
KHV,HG02122,10,10764,8239,27041,35861,33595,49351
KHV,HG02127,10,10659,8253,27217,35685,33371,49456
KHV,HG02128,10,10858,8456,26923,35979,33699,49257
KHV,HG02130,10,10233,8719,27258,35644,34243,49882
KHV,HG02131,10,10613,8428,26972,35930,34012,49502
KHV,HG02133,10,10400,8450,26848,36054,33791,49715
KHV,HG02134,10,10466,8801,27091,35811,34467,49649
KHV,HG02136,10,10433,8530,27170,35732,33778,49682
KHV,HG02137,10,10382,8521,27052,35850,34123,49733
KHV,HG02138,10,10106,8730,27449,35453,33729,50009
KHV,HG02139,10,10605,8662,27112,35790,33990,49510
KHV,HG02140,10,10216,8725,27121,35781,34279,49899
KHV,HG02141,10,10199,8542,27139,35763,34294,49916
KHV,HG02142,10,10600,8726,26594,36308,34516,49515
KHV,HG02512,10,10709,8255,26803,36099,33599,49406
KHV,HG02513,10,10839,8392,26774,36128,34093,49276
KHV,HG02521,10,10249,8573,27082,35820,34345,49866
KHV,HG02522,10,10249,8726,27345,35557,34320,49866
CHS,HG00403,10,10126,8723,27533,35369,33651,49989
CHS,HG00404,10,10691,8380,27091,35811,33308,49424
CHS,HG00406,10,10103,8555,27748,35154,33739,50012
CHS,HG00407,10,10866,8799,26455,36447,34570,49249
CHS,HG00409,10,10024,8450,27513,35389,34075,50091
CHS,HG00410,10,10596,8466,27134,35768,33850,49519
CHS,HG00419,10,10347,8529,27211,35691,33864,49768
CHS,HG00421,10,10282,8546,27288,35614,34006,49833
CHS,HG00422,10,10185,8444,27719,35183,33680,49930
CHS,HG00428,10,10680,8505,26953,35949,33960,49435
CHS,HG00436,10,10698,8543,27155,35747,33747,49417
CHS,HG00437,10,10547,8274,27313,35589,33833,49568
CHS,HG00442,10,10244,8559,27491,35411,33973,49871
CHS,HG00443,10,10391,8508,27254,35648,34053,49724
CHS,HG00445,10,10502,8635,27305,35597,33780,49613
CHS,HG00446,10,10083,8511,27815,35087,33633,50032
CHS,HG00448,10,10457,8507,27195,35707,34253,49658
CHS,HG00449,10,10455,8348,26952,35950,33715,49660
CHS,HG00451,10,10623,8589,27022,35880,34254,49492
CHS,HG00452,10,10208,8653,27264,35638,34475,49907
CHS,HG00457,10,10657,8435,26836,36066,34173,49458
CHS,HG00458,10,10519,8214,27014,35888,33649,49596
CHS,HG00463,10,10535,8554,27087,35815,33823,49580
CHS,HG00464,10,10615,8452,27273,35629,33316,49500
CHS,HG00472,10,10228,8687,27188,35714,34352,49887
CHS,HG00473,10,10201,8576,27212,35690,34048,49914
CHS,HG00475,10,10219,8536,27279,35623,33881,49896
CHS,HG00476,10,10746,8579,26748,36154,34125,49369
CHS,HG00478,10,10382,8744,27004,35898,34263,49733
CHS,HG00479,10,10413,8472,27033,35869,34285,49702
CHS,HG00500,10,10617,8780,26813,36089,34156,49498
CHS,HG00513,10,10539,8616,27116,35786,33569,49576
CHS,HG00524,10,11019,8443,26653,36249,33708,49096
CHS,HG00525,10,10194,8803,26884,36018,34776,49921
CHS,HG00530,10,10751,8466,26581,36321,33782,49364
CHS,HG00531,10,10690,8247,27476,35426,33023,49425
CHS,HG00533,10,10153,8720,27425,35477,34111,49962
CHS,HG00534,10,10374,8415,27200,35702,33927,49741
CHS,HG00536,10,10957,8421,26690,36212,33888,49158
CHS,HG00537,10,10123,8687,27418,35484,34255,49992
CHS,HG00542,10,10578,8360,27057,35845,33611,49537
CHS,HG00543,10,10487,8444,27207,35695,33930,49628
CHS,HG00556,10,10182,8443,27423,35479,34009,49933
CHS,HG00557,10,10369,8625,27394,35508,33886,49746
CHS,HG00559,10,10484,8403,27235,35667,33720,49631
CHS,HG00560,10,10401,8268,27253,35649,33372,49714
CHS,HG00565,10,10649,8515,27194,35708,33434,49466
CHS,HG00566,10,10160,8484,27237,35665,33948,49955
CHS,HG00580,10,10051,8545,27402,35500,33601,50064
CHS,HG00581,10,10064,8406,27527,35375,33962,50051
CHS,HG00583,10,10767,8365,26812,36090,33788,49348
CHS,HG00584,10,10150,8580,27671,35231,33666,49965
CHS,HG00589,10,10267,8645,27175,35727,33667,49848
CHS,HG00590,10,10425,8690,26783,36119,34230,49690
CHS,HG00592,10,10414,8636,26716,36186,34292,49701
CHS,HG00593,10,10180,8689,27374,35528,34223,49935
CHS,HG00595,10,10538,8682,27060,35842,33789,49577
CHS,HG00596,10,10278,8835,27107,35795,34094,49837
CHS,HG00598,10,10431,8494,26974,35928,33934,49684
CHS,HG00599,10,9935,8313,28007,34895,33444,50180
CHS,HG00607,10,10314,8545,27558,35344,33620,49801
CHS,HG00608,10,10576,8692,26984,35918,34092,49539
CHS,HG00610,10,10795,8618,26674,36228,34024,49320
CHS,HG00611,10,10448,8672,26922,35980,34234,49667
CHS,HG00613,10,10379,8473,27237,35665,33664,49736
CHS,HG00614,10,10153,8550,27465,35437,33818,49962
CHS,HG00619,10,10411,8544,27235,35667,33607,49704
CHS,HG00620,10,10823,8468,26840,36062,33632,49292
CHS,HG00622,10,10585,8637,26799,36103,34291,49530
CHS,HG00623,10,10704,8671,26706,36196,34671,49411
CHS,HG00625,10,10642,8392,27066,35836,33161,49473
CHS,HG00626,10,10405,8513,27281,35621,33744,49710
CHS,HG00628,10,10231,8640,27322,35580,33657,49884
CHS,HG00629,10,10548,8553,26801,36101,34041,49567
CHS,HG00631,10,9789,8712,27737,35165,34344,50326
CHS,HG00632,10,10385,8473,27153,35749,33878,49730
CHS,HG00634,10,10099,8833,27190,35712,34142,50016
CHS,HG00650,10,10536,8662,27033,35869,33982,49579
CHS,HG00651,10,10508,8471,27010,35892,33878,49607
CHS,HG00653,10,10505,8637,26985,35917,34072,49610
CHS,HG00654,10,10365,8605,27116,35786,33776,49750
CHS,HG00656,10,10346,8453,27070,35832,33959,49769
CHS,HG00657,10,10145,8479,27751,35151,33566,49970
CHS,HG00662,10,10277,8358,27092,35810,33774,49838
CHS,HG00663,10,10589,8336,27115,35787,33568,49526
CHS,HG00671,10,9923,8584,27565,35337,33641,50192
CHS,HG00672,10,10666,8670,26616,36286,34491,49449
CHS,HG00674,10,9985,8443,27388,35514,34098,50130
CHS,HG00675,10,10275,8372,27290,35612,33882,49840
CHS,HG00683,10,9815,8431,27756,35146,33708,50300
CHS,HG00684,10,10610,8621,26925,35977,34174,49505
CHS,HG00689,10,10552,8595,26671,36231,34280,49563
CHS,HG00690,10,10805,8590,26803,36099,34150,49310
CHS,HG00692,10,10618,8568,26971,35931,33538,49497
CHS,HG00693,10,10315,8375,27371,35531,33664,49800
CHS,HG00698,10,10003,8619,27434,35468,33980,50112
CHS,HG00699,10,10518,8667,26963,35939,34052,49597
CHS,HG00701,10,10525,8786,26747,36155,34115,49590
CHS,HG00704,10,10460,8496,27153,35749,33887,49655
CHS,HG00705,10,10397,8538,26752,36150,33963,49718
CHS,HG00707,10,10179,8800,27063,35839,34584,49936
CHS,HG00708,10,10150,8582,27147,35755,33984,49965
CHS,HG00717,10,10446,8447,26999,35903,34067,49669
CHS,HG00728,10,10457,8401,27330,35572,33583,49658
CHS,HG00729,10,10273,8568,27252,35650,34132,49842
JPT,NA18939,10,10292,8439,27357,35545,34049,49823
JPT,NA18940,10,10342,8571,27372,35530,33950,49773
JPT,NA18941,10,10565,8794,26960,35942,34264,49550
JPT,NA18942,10,10837,8508,26881,36021,33839,49278
JPT,NA18943,10,10404,8406,27080,35822,34106,49711
JPT,NA18944,10,9880,8914,27313,35589,34306,50235
JPT,NA18945,10,10045,8816,27346,35556,34326,50070
JPT,NA18946,10,10068,8773,27301,35601,34332,50047
JPT,NA18947,10,10045,8646,27656,35246,34204,50070
JPT,NA18948,10,10182,8626,27417,35485,33832,49933
JPT,NA18949,10,10507,8625,26857,36045,34182,49608
JPT,NA18950,10,10241,8753,27474,35428,34038,49874
JPT,NA18951,10,10463,8482,26956,35946,34060,49652
JPT,NA18952,10,10649,8569,27078,35824,34255,49466
JPT,NA18953,10,10523,8601,26752,36150,34021,49592
JPT,NA18954,10,10243,8535,27389,35513,33886,49872
JPT,NA18956,10,10455,8340,27420,35482,33416,49660
JPT,NA18957,10,10686,8487,27370,35532,33558,49429
JPT,NA18959,10,10365,8553,27019,35883,34321,49750
JPT,NA18960,10,10396,8406,27415,35487,33596,49719
JPT,NA18961,10,10287,8504,27222,35680,33423,49828
JPT,NA18962,10,10279,8411,27202,35700,33626,49836
JPT,NA18963,10,10344,8304,27416,35486,33605,49771
JPT,NA18964,10,10396,8686,26750,36152,34013,49719
JPT,NA18965,10,10571,8659,26896,36006,34572,49544
JPT,NA18966,10,10560,8561,27244,35658,33863,49555
JPT,NA18967,10,10326,8499,27452,35450,33960,49789
JPT,NA18968,10,10217,8474,27468,35434,34117,49898
JPT,NA18969,10,10317,8366,27477,35425,33558,49798
JPT,NA18970,10,10414,8691,26979,35923,34007,49701
JPT,NA18971,10,10764,8522,26791,36111,33860,49351
JPT,NA18972,10,10463,8358,27258,35644,33674,49652
JPT,NA18973,10,10463,8570,27379,35523,33921,49652
JPT,NA18974,10,10527,8508,27423,35479,33817,49588
JPT,NA18975,10,10397,8884,26959,35943,34575,49718
JPT,NA18976,10,10346,8528,27053,35849,34098,49769
JPT,NA18977,10,10559,8496,27168,35734,33741,49556
JPT,NA18978,10,10501,8515,27222,35680,33480,49614
JPT,NA18979,10,10104,8601,27333,35569,34228,50011
JPT,NA18980,10,10173,8713,27417,35485,34284,49942
JPT,NA18981,10,10205,8572,27441,35461,33951,49910
JPT,NA18982,10,10320,8429,27678,35224,33769,49795
JPT,NA18983,10,10361,8580,26986,35916,34347,49754
JPT,NA18984,10,10413,8814,26804,36098,34622,49702
JPT,NA18985,10,10233,8558,27317,35585,34216,49882
JPT,NA18986,10,10407,8475,27084,35818,34275,49708
JPT,NA18987,10,10416,8431,27013,35889,34182,49699
JPT,NA18988,10,10905,8407,26778,36124,33907,49210
JPT,NA18989,10,10447,8467,27380,35522,33862,49668
JPT,NA18990,10,10177,8527,27347,35555,34157,49938
JPT,NA18991,10,9954,8620,27666,35236,33931,50161
JPT,NA18992,10,10017,8476,27454,35448,33825,50098
JPT,NA18993,10,10073,8661,27221,35681,34246,50042
JPT,NA18994,10,10368,8545,27582,35320,33462,49747
JPT,NA18995,10,10252,8607,27167,35735,34149,49863
JPT,NA18997,10,10232,8648,27510,35392,33897,49883
JPT,NA18998,10,10305,8704,27103,35799,34335,49810
JPT,NA18999,10,10327,8568,27289,35613,34022,49788
JPT,NA19000,10,10557,8648,26962,35940,34283,49558
JPT,NA19001,10,10289,8536,27439,35463,33711,49826
JPT,NA19002,10,10462,8320,27190,35712,33720,49653
JPT,NA19003,10,10467,8556,27005,35897,33790,49648
JPT,NA19004,10,10308,8609,27127,35775,34425,49807
JPT,NA19005,10,10276,8464,27139,35763,34060,49839
JPT,NA19006,10,10170,8848,27313,35589,34406,49945
JPT,NA19007,10,10146,8636,27691,35211,33733,49969
JPT,NA19009,10,9991,8774,27443,35459,34062,50124
JPT,NA19010,10,10452,8711,27029,35873,34120,49663
JPT,NA19011,10,10406,8581,27358,35544,33935,49709
JPT,NA19012,10,10470,8668,26932,35970,34341,49645
JPT,NA19054,10,10718,8593,26937,35965,33833,49397
JPT,NA19055,10,10327,8529,27054,35848,34127,49788
JPT,NA19056,10,10277,8484,27399,35503,33659,49838
JPT,NA19057,10,10607,8544,27029,35873,33827,49508
JPT,NA19058,10,10022,8714,27383,35519,34270,50093
JPT,NA19059,10,10374,8404,27256,35646,33663,49741
JPT,NA19060,10,10494,8520,27445,35457,33464,49621
JPT,NA19062,10,10413,8608,27164,35738,34010,49702
JPT,NA19063,10,10052,8769,27292,35610,34429,50063
JPT,NA19064,10,10285,8418,27434,35468,33618,49830
JPT,NA19065,10,10913,8551,27080,35822,33637,49202
JPT,NA19066,10,10505,8516,27000,35902,34113,49610
JPT,NA19067,10,10388,8526,26913,35989,34195,49727
JPT,NA19068,10,10172,8661,27301,35601,34262,49943
JPT,NA19070,10,10543,8719,26866,36036,34562,49572
JPT,NA19072,10,10037,8758,27152,35750,34675,50078
JPT,NA19074,10,10643,8610,27211,35691,33948,49472
JPT,NA19075,10,10627,8552,26943,35959,33640,49488
JPT,NA19076,10,10489,8647,27016,35886,34271,49626
JPT,NA19077,10,10272,8370,27357,35545,33857,49843
JPT,NA19078,10,10591,8394,27584,35318,33260,49524
JPT,NA19079,10,10037,8335,27489,35413,34008,50078
JPT,NA19080,10,10269,8173,27472,35430,33269,49846
JPT,NA19081,10,10444,8655,27065,35837,33957,49671
JPT,NA19082,10,10747,8625,26747,36155,33627,49368
JPT,NA19083,10,10551,8351,27200,35702,33798,49564
JPT,NA19084,10,10538,8572,27352,35550,33711,49577
JPT,NA19085,10,10857,8458,26908,35994,33912,49258
JPT,NA19086,10,10400,8755,27158,35744,33884,49715
JPT,NA19087,10,10245,8807,27259,35643,34455,49870
JPT,NA19088,10,10997,8410,26812,36090,33415,49118
JPT,NA19089,10,10056,8593,27595,35307,34110,50059
JPT,NA19090,10,10068,8433,27715,35187,33592,50047
JPT,NA19091,10,10432,8430,27677,35225,33406,49683
CDX,HG00759,10,10562,8310,27178,35724,33563,49553
CDX,HG00766,10,10420,8343,27568,35334,33580,49695
CDX,HG00844,10,10111,8464,27926,34976,33651,50004
CDX,HG00851,10,10212,8436,27136,35766,34679,49903
CDX,HG00864,10,9988,8551,27732,35170,33386,50127
CDX,HG00867,10,10485,8212,27424,35478,33550,49630
CDX,HG00879,10,10350,8587,27186,35716,33818,49765
CDX,HG00881,10,10452,8523,27296,35606,34227,49663
CDX,HG00956,10,10222,8493,27467,35435,34096,49893
CDX,HG00978,10,9859,8549,27777,35125,34015,50256
CDX,HG00982,10,10221,8740,27664,35238,34103,49894
CDX,HG01028,10,10683,8546,26454,36448,34239,49432
CDX,HG01029,10,10893,8624,26823,36079,33904,49222
CDX,HG01031,10,10225,8510,27244,35658,33961,49890
CDX,HG01046,10,10572,8407,27298,35604,33268,49543
CDX,HG01794,10,10564,8636,27023,35879,33990,49551
CDX,HG01795,10,10636,8371,27200,35702,33845,49479
CDX,HG01796,10,10378,8867,26970,35932,34452,49737
CDX,HG01797,10,10268,8792,27496,35406,34344,49847
CDX,HG01798,10,10673,8376,27128,35774,33832,49442
CDX,HG01799,10,10606,8553,26937,35965,34135,49509
CDX,HG01800,10,9868,8544,27814,35088,33794,50247
CDX,HG01801,10,10220,8572,27208,35694,34291,49895
CDX,HG01802,10,10261,8713,27050,35852,34348,49854
CDX,HG01804,10,10815,8439,26900,36002,33712,49300
CDX,HG01805,10,10350,8444,27479,35423,33559,49765
CDX,HG01806,10,10018,8499,27468,35434,34034,50097
CDX,HG01807,10,10438,8708,26745,36157,34033,49677
CDX,HG01808,10,10207,8619,27148,35754,34190,49908
CDX,HG01809,10,10199,8276,27660,35242,33396,49916
CDX,HG01810,10,10221,8535,27272,35630,34206,49894
CDX,HG01811,10,10406,8560,27423,35479,33813,49709
CDX,HG01812,10,10463,8620,27110,35792,34129,49652
CDX,HG01813,10,10403,8396,27061,35841,34174,49712
CDX,HG01815,10,10533,8573,27251,35651,33670,49582
CDX,HG01816,10,10562,8523,27296,35606,33674,49553
CDX,HG01817,10,10365,8412,27375,35527,33478,49750
CDX,HG02151,10,10346,8657,27349,35553,34165,49769
CDX,HG02152,10,9863,8780,27540,35362,34169,50252
CDX,HG02153,10,10184,8400,27493,35409,33624,49931
CDX,HG02154,10,10306,8519,27263,35639,33811,49809
CDX,HG02155,10,10484,8720,27130,35772,34203,49631
CDX,HG02156,10,10346,8664,27007,35895,34125,49769
CDX,HG02164,10,10141,8582,27416,35486,33874,49974
CDX,HG02165,10,10407,8445,27175,35727,33636,49708
CDX,HG02166,10,10216,8452,27214,35688,33583,49899
CDX,HG02178,10,10136,8428,27337,35565,33797,49979
CDX,HG02179,10,10554,8475,27122,35780,33636,49561
CDX,HG02180,10,10223,8553,27494,35408,33716,49892
CDX,HG02181,10,10099,8509,26962,35940,34089,50016
CDX,HG02182,10,10981,8363,26900,36002,33257,49134
CDX,HG02184,10,10340,8502,27164,35738,33822,49775
CDX,HG02185,10,10286,8424,27530,35372,33625,49829
CDX,HG02186,10,10371,8623,27114,35788,33957,49744
CDX,HG02187,10,10201,8755,27058,35844,34205,49914
CDX,HG02188,10,10480,8413,27245,35657,33181,49635
CDX,HG02190,10,10632,8500,27233,35669,33437,49483
CDX,HG02250,10,10165,8547,27561,35341,34079,49950
CDX,HG02351,10,10312,8638,27311,35591,34324,49803
CDX,HG02353,10,10771,8122,26991,35911,33117,49344
CDX,HG02355,10,10397,8197,27124,35778,33991,49718
CDX,HG02356,10,10875,8496,27042,35860,33989,49240
CDX,HG02360,10,10155,8843,27356,35546,34478,49960
CDX,HG02364,10,10636,8346,26721,36181,33929,49479
CDX,HG02367,10,10145,8604,27464,35438,33949,49970
CDX,HG02371,10,10559,8579,27165,35737,33831,49556
CDX,HG02373,10,10537,8526,26950,35952,34537,49578
CDX,HG02374,10,10478,8696,27341,35561,34173,49637
CDX,HG02375,10,10699,8516,27059,35843,33735,49416
CDX,HG02379,10,10279,8507,27356,35546,33843,49836
CDX,HG02380,10,10104,8434,27375,35527,34095,50011
CDX,HG02382,10,10342,8690,27283,35619,33857,49773
CDX,HG02383,10,10357,8280,27648,35254,33647,49758
CDX,HG02384,10,10460,8359,27465,35437,33477,49655
CDX,HG02385,10,10043,8750,27490,35412,33897,50072
CDX,HG02386,10,10157,8636,27255,35647,34333,49958
CDX,HG02389,10,10579,8395,27044,35858,33854,49536
CDX,HG02390,10,10395,8518,27162,35740,34189,49720
CDX,HG02391,10,10220,8560,27287,35615,33872,49895
CDX,HG02392,10,10514,8554,27313,35589,33645,49601
CDX,HG02394,10,10442,8591,26946,35956,34111,49673
CDX,HG02395,10,9764,8547,27811,35091,34084,50351
CDX,HG02396,10,10358,8666,27459,35443,33748,49757
CDX,HG02397,10,10652,8486,26785,36117,34267,49463
CDX,HG02398,10,9952,8365,27659,35243,33910,50163
CDX,HG02399,10,10374,8632,27206,35696,33821,49741
CDX,HG02401,10,10377,8606,27075,35827,34201,49738
CDX,HG02402,10,10161,8537,27343,35559,33906,49954
CDX,HG02406,10,10432,8585,27077,35825,34070,49683
CDX,HG02407,10,10307,8785,26991,35911,34369,49808
CDX,HG02408,10,10060,8415,27825,35077,33651,50055
CDX,HG02409,10,10762,8557,26300,36602,34446,49353
CDX,HG02410,10,10356,8713,26792,36110,34623,49759
PEL,HG01565,10,9859,8932,27406,35496,34366,50256
PEL,HG01566,10,10304,8417,27445,35457,33504,49811
PEL,HG01571,10,10045,8579,27230,35672,34126,50070
PEL,HG01572,10,10317,8538,27389,35513,33814,49798
PEL,HG01577,10,10104,8563,27520,35382,34193,50011
PEL,HG01578,10,10132,8529,27499,35403,33949,49983
PEL,HG01892,10,9854,8491,27907,34995,33795,50261
PEL,HG01893,10,10114,8620,27092,35810,34478,50001
PEL,HG01917,10,10471,8716,26890,36012,34346,49644
PEL,HG01918,10,10536,8566,26914,35988,34245,49579
PEL,HG01920,10,10451,8668,27028,35874,34134,49664
PEL,HG01921,10,10354,8574,26946,35956,34463,49761
PEL,HG01923,10,10515,8765,26825,36077,34347,49600
PEL,HG01924,10,10528,8399,27305,35597,33625,49587
PEL,HG01926,10,10541,8645,26923,35979,34342,49574
PEL,HG01927,10,10368,8500,27325,35577,33828,49747
PEL,HG01932,10,10317,8676,26914,35988,34107,49798
PEL,HG01933,10,9911,8608,27456,35446,34071,50204
PEL,HG01935,10,10135,8554,27404,35498,34007,49980
PEL,HG01936,10,10002,8639,27449,35453,34197,50113
PEL,HG01938,10,10839,8654,26594,36308,34264,49276
PEL,HG01939,10,9984,8583,27653,35249,34279,50131
PEL,HG01941,10,9915,8731,27599,35303,34031,50200
PEL,HG01942,10,9976,8642,27293,35609,34458,50139
PEL,HG01944,10,10729,8536,27093,35809,33821,49386
PEL,HG01945,10,10622,8613,27142,35760,34103,49493
PEL,HG01947,10,10234,8656,27426,35476,34095,49881
PEL,HG01948,10,10091,8506,27360,35542,34197,50024
PEL,HG01950,10,10016,8629,27581,35321,34074,50099
PEL,HG01951,10,10128,8605,27301,35601,34115,49987
PEL,HG01953,10,9802,8554,27955,34947,34152,50313
PEL,HG01954,10,10236,8660,27351,35551,34013,49879
PEL,HG01961,10,10059,8822,26936,35966,34421,50056
PEL,HG01965,10,9987,8735,27216,35686,34367,50128
PEL,HG01967,10,10510,8412,27193,35709,34235,49605
PEL,HG01968,10,10526,8840,27218,35684,34366,49589
PEL,HG01970,10,9797,8413,27648,35254,33940,50318
PEL,HG01971,10,9791,8492,27934,34968,33974,50324
PEL,HG01973,10,10140,8712,27353,35549,34332,49975
PEL,HG01974,10,9850,8746,27727,35175,34010,50265
PEL,HG01976,10,10245,8435,27317,35585,34096,49870
PEL,HG01977,10,10165,8887,27141,35761,34499,49950
PEL,HG01979,10,10544,8720,26966,35936,34303,49571
PEL,HG01980,10,10268,9001,27108,35794,34857,49847
PEL,HG01982,10,10226,8637,27498,35404,34055,49889
PEL,HG01991,10,10335,8457,27243,35659,33821,49780
PEL,HG01992,10,10372,8761,27303,35599,34209,49743
PEL,HG01997,10,9921,8808,27098,35804,34517,50194
PEL,HG02002,10,9981,8536,27581,35321,33968,50134
PEL,HG02003,10,10618,8506,26743,36159,34109,49497
PEL,HG02006,10,9371,8707,27585,35317,34516,50744
PEL,HG02008,10,10630,8867,26718,36184,34269,49485
PEL,HG02089,10,9970,8846,27268,35634,34459,50145
PEL,HG02090,10,9868,8613,27360,35542,34143,50247
PEL,HG02102,10,9902,8728,27511,35391,34557,50213
PEL,HG02104,10,10265,8546,27719,35183,33533,49850
PEL,HG02105,10,10162,8519,27606,35296,33857,49953
PEL,HG02146,10,10019,8466,27689,35213,33978,50096
PEL,HG02147,10,10252,8525,27100,35802,34004,49863
PEL,HG02150,10,10007,8849,27799,35103,34117,50108
PEL,HG02252,10,10117,8881,27104,35798,34531,49998
PEL,HG02253,10,10184,8558,27297,35605,34545,49931
PEL,HG02259,10,10287,8731,27266,35636,34332,49828
PEL,HG02260,10,10133,8812,27367,35535,34365,49982
PEL,HG02262,10,10378,8499,26903,35999,34246,49737
PEL,HG02265,10,10601,8636,26868,36034,34214,49514
PEL,HG02266,10,10407,8964,27029,35873,34473,49708
PEL,HG02271,10,10001,8775,27539,35363,33971,50114
PEL,HG02272,10,9808,8710,27447,35455,34346,50307
PEL,HG02274,10,10388,8760,27107,35795,34342,49727
PEL,HG02275,10,10039,8798,27251,35651,34239,50076
PEL,HG02277,10,10161,8346,27657,35245,33715,49954
PEL,HG02278,10,10030,8598,27264,35638,34498,50085
PEL,HG02285,10,9849,8585,27481,35421,34407,50266
PEL,HG02286,10,10470,8462,27150,35752,33705,49645
PEL,HG02291,10,10122,8730,26912,35990,34307,49993
PEL,HG02292,10,10037,8818,27119,35783,34742,50078
PEL,HG02298,10,10287,8565,27081,35821,34094,49828
PEL,HG02299,10,10280,8319,27366,35536,33656,49835
PEL,HG02301,10,10239,8674,27246,35656,34234,49876
PEL,HG02304,10,9643,8493,27969,34933,33769,50472
PEL,HG02312,10,10153,8420,27510,35392,34078,49962
PEL,HG02345,10,10577,8361,27335,35567,33916,49538
PEL,HG02348,10,10227,8371,27510,35392,33577,49888
PEL,HG02425,10,10053,8794,27681,35221,34012,50062
MXL,NA19648,10,10231,8781,26961,35941,34656,49884
MXL,NA19649,10,10268,8728,27180,35722,34476,49847
MXL,NA19651,10,10327,8583,27004,35898,34215,49788
MXL,NA19652,10,9753,8370,27680,35222,34090,50362
MXL,NA19654,10,10042,8587,27485,35417,34168,50073
MXL,NA19655,10,9631,8425,27993,34909,33799,50484
MXL,NA19657,10,9982,8933,27183,35719,34604,50133
MXL,NA19658,10,9781,8370,27633,35269,33833,50334
MXL,NA19661,10,10033,8592,27671,35231,34306,50082
MXL,NA19663,10,10387,8649,26941,35961,34345,49728
MXL,NA19664,10,10255,8323,27395,35507,33520,49860
MXL,NA19669,10,9949,8619,27522,35380,34490,50166
MXL,NA19670,10,9773,8373,27771,35131,33832,50342
MXL,NA19676,10,10139,8728,27487,35415,34815,49976
MXL,NA19678,10,9637,8726,27807,35095,34416,50478
MXL,NA19679,10,10377,8680,26897,36005,34728,49738
MXL,NA19681,10,9626,8590,28112,34790,34020,50489
MXL,NA19682,10,10181,8534,27160,35742,34464,49934
MXL,NA19684,10,9692,8508,28002,34900,33837,50423
MXL,NA19716,10,9747,8407,28070,34832,33638,50368
MXL,NA19717,10,10185,8529,27136,35766,34257,49930
MXL,NA19719,10,9812,8514,27936,34966,33909,50303
MXL,NA19720,10,10032,8423,27528,35374,34046,50083
MXL,NA19722,10,9849,8740,27496,35406,34374,50266
MXL,NA19723,10,10022,8326,27683,35219,33644,50093
MXL,NA19725,10,9893,8587,27287,35615,34436,50222
MXL,NA19726,10,10082,8731,27265,35637,34396,50033
MXL,NA19728,10,10328,8731,27227,35675,33962,49787
MXL,NA19729,10,10451,8631,27526,35376,33813,49664
MXL,NA19731,10,10109,8630,27457,35445,34212,50006
MXL,NA19732,10,10167,8864,27336,35566,34166,49948
MXL,NA19734,10,9930,8838,27211,35691,34975,50185
MXL,NA19735,10,10020,8540,27410,35492,33962,50095
MXL,NA19740,10,9775,8875,27858,35044,34150,50340
MXL,NA19741,10,10042,8688,27407,35495,34038,50073
MXL,NA19746,10,9661,8659,27929,34973,34069,50454
MXL,NA19747,10,9633,8727,28055,34847,33794,50482
MXL,NA19749,10,9986,8676,27629,35273,34010,50129
MXL,NA19750,10,10066,8837,27175,35727,34314,50049
MXL,NA19752,10,10196,8227,27686,35216,33495,49919
MXL,NA19755,10,9598,8719,27811,35091,34385,50517
MXL,NA19756,10,9862,8670,27583,35319,34452,50253
MXL,NA19758,10,9930,8473,28168,34734,33720,50185
MXL,NA19759,10,10043,8873,27226,35676,34297,50072
MXL,NA19761,10,9753,8479,27619,35283,34007,50362
MXL,NA19762,10,9612,8712,27780,35122,34038,50503
MXL,NA19764,10,10452,8622,27012,35890,34057,49663
MXL,NA19770,10,10058,8587,27521,35381,34071,50057
MXL,NA19771,10,10097,8551,27301,35601,34103,50018
MXL,NA19773,10,10092,8413,27348,35554,33831,50023
MXL,NA19774,10,9821,8715,27613,35289,34090,50294
MXL,NA19776,10,9150,8715,28208,34694,34198,50965
MXL,NA19777,10,10031,8549,27402,35500,34327,50084
MXL,NA19779,10,10258,8631,27366,35536,34385,49857
MXL,NA19780,10,10301,8704,27192,35710,34486,49814
MXL,NA19782,10,10382,8388,27043,35859,34020,49733
MXL,NA19783,10,10225,8779,27470,35432,34263,49890
MXL,NA19785,10,10160,8507,27193,35709,34167,49955
MXL,NA19786,10,9822,8553,27946,34956,33929,50293
MXL,NA19788,10,10027,8520,27744,35158,33984,50088
MXL,NA19789,10,10163,8670,27211,35691,34572,49952
MXL,NA19792,10,10249,8762,27039,35863,34685,49866
MXL,NA19794,10,10360,8469,26981,35921,34583,49755
MXL,NA19795,10,10327,8679,27000,35902,34520,49788
CLM,HG01112,10,9839,8390,27851,35051,33779,50276
CLM,HG01113,10,10165,8569,27321,35581,34442,49950
CLM,HG01119,10,9767,8678,27159,35743,35104,50348
CLM,HG01121,10,10369,8877,26827,36075,34949,49746
CLM,HG01122,10,10160,9027,27085,35817,34944,49955
CLM,HG01124,10,10028,8432,27887,35015,33831,50087
CLM,HG01125,10,9906,8701,27716,35186,34394,50209
CLM,HG01130,10,9645,8527,27978,34924,33713,50470
CLM,HG01131,10,9927,8360,27357,35545,34553,50188
CLM,HG01133,10,10117,8447,27500,35402,34084,49998
CLM,HG01134,10,9959,8908,27035,35867,34810,50156
CLM,HG01136,10,9663,8600,27437,35465,34681,50452
CLM,HG01137,10,10180,8863,26873,36029,34945,49935
CLM,HG01139,10,10463,8441,26895,36007,34271,49652
CLM,HG01140,10,10234,8664,27257,35645,34550,49881
CLM,HG01142,10,9977,8566,27795,35107,33963,50138
CLM,HG01148,10,10164,8424,27106,35796,33875,49951
CLM,HG01149,10,9980,8543,27658,35244,33890,50135
CLM,HG01250,10,9930,8609,27355,35547,34632,50185
CLM,HG01251,10,9904,8629,27498,35404,34513,50211
CLM,HG01253,10,10130,8790,27050,35852,34763,49985
CLM,HG01254,10,9595,8543,27896,35006,34064,50520
CLM,HG01256,10,10184,8853,27319,35583,34641,49931
CLM,HG01257,10,9938,8541,27743,35159,33568,50177
CLM,HG01259,10,9886,8636,27141,35761,34517,50229
CLM,HG01260,10,9896,8536,27558,35344,34492,50219
CLM,HG01269,10,10104,8810,27540,35362,34648,50011
CLM,HG01271,10,9906,8396,27724,35178,33852,50209
CLM,HG01272,10,9659,8658,27606,35296,34117,50456
CLM,HG01275,10,10045,8914,27008,35894,34716,50070
CLM,HG01277,10,9821,8588,27708,35194,34148,50294
CLM,HG01280,10,10262,8608,27221,35681,34011,49853
CLM,HG01281,10,9685,8604,27433,35469,34457,50430
CLM,HG01284,10,9740,8757,27654,35248,34712,50375
CLM,HG01341,10,10133,8637,27412,35490,34163,49982
CLM,HG01342,10,9676,8448,27678,35224,34153,50439
CLM,HG01344,10,9737,8511,27954,34948,34063,50378
CLM,HG01345,10,10140,8779,26852,36050,35142,49975
CLM,HG01348,10,9804,8665,27768,35134,34105,50311
CLM,HG01350,10,10121,8471,27474,35428,33837,49994
CLM,HG01351,10,9888,8733,27457,35445,34542,50227
CLM,HG01353,10,9915,8583,27442,35460,34306,50200
CLM,HG01354,10,9855,8431,27569,35333,33794,50260
CLM,HG01356,10,9836,8646,27250,35652,34470,50279
CLM,HG01357,10,9948,8471,27474,35428,34208,50167
CLM,HG01359,10,10271,8657,27360,35542,34275,49844
CLM,HG01360,10,10042,8477,27319,35583,34216,50073
CLM,HG01362,10,9976,8680,27493,35409,34694,50139
CLM,HG01363,10,9951,8890,27684,35218,34519,50164
CLM,HG01365,10,9944,8570,27595,35307,34136,50171
CLM,HG01366,10,9882,8686,27326,35576,34478,50233
CLM,HG01369,10,10400,8798,26969,35933,34295,49715
CLM,HG01372,10,9798,8771,27272,35630,34650,50317
CLM,HG01374,10,10004,8605,27571,35331,34016,50111
CLM,HG01375,10,9850,8636,27441,35461,34558,50265
CLM,HG01377,10,9862,9041,27569,35333,34606,50253
CLM,HG01378,10,9907,8603,27639,35263,34117,50208
CLM,HG01383,10,9926,8361,27282,35620,34477,50189
CLM,HG01384,10,9820,8510,28032,34870,34037,50295
CLM,HG01389,10,10057,8464,27386,35516,33896,50058
CLM,HG01390,10,9437,8670,27877,35025,34354,50678
CLM,HG01431,10,10070,8538,27463,35439,34185,50045
CLM,HG01432,10,9747,8558,27771,35131,34118,50368
CLM,HG01435,10,9756,8598,27968,34934,34018,50359
CLM,HG01437,10,10184,8722,27344,35558,34414,49931
CLM,HG01438,10,10329,8139,27299,35603,33845,49786
CLM,HG01440,10,10221,8480,27583,35319,33493,49894
CLM,HG01441,10,9965,8998,27371,35531,34720,50150
CLM,HG01443,10,10132,8708,27172,35730,34163,49983
CLM,HG01444,10,9840,8564,27442,35460,34224,50275
CLM,HG01447,10,10008,8573,27609,35293,34120,50107
CLM,HG01455,10,9884,8662,27397,35505,34592,50231
CLM,HG01456,10,10624,8670,27012,35890,34136,49491
CLM,HG01459,10,10060,8435,27465,35437,33981,50055
CLM,HG01461,10,9786,8752,27708,35194,34242,50329
CLM,HG01462,10,9417,8678,27686,35216,34529,50698
CLM,HG01464,10,9577,8530,27958,34944,34267,50538
CLM,HG01465,10,10000,8592,27284,35618,34704,50115
CLM,HG01468,10,9950,8628,27345,35557,34430,50165
CLM,HG01474,10,10047,8575,27571,35331,33967,50068
CLM,HG01479,10,10009,8446,27364,35538,33965,50106
CLM,HG01485,10,10005,8710,27289,35613,34288,50110
CLM,HG01486,10,10400,8310,26995,35907,34191,49715
CLM,HG01488,10,9928,8398,27606,35296,33953,50187
CLM,HG01489,10,9955,8660,27494,35408,33924,50160
CLM,HG01491,10,9721,8646,27491,35411,34154,50394
CLM,HG01492,10,9881,8867,27547,35355,34514,50234
CLM,HG01494,10,10037,8535,27123,35779,34390,50078
CLM,HG01495,10,10124,8332,27372,35530,34115,49991
CLM,HG01497,10,9913,8741,27334,35568,34723,50202
CLM,HG01498,10,9650,8435,27938,34964,34144,50465
CLM,HG01550,10,10095,8761,27130,35772,34467,50020
CLM,HG01551,10,9141,8395,28236,34666,33750,50974
CLM,HG01556,10,10308,8827,27180,35722,34090,49807
PUR,HG00551,10,9851,8893,26942,35960,35107,50264
PUR,HG00553,10,9751,8490,27973,34929,33801,50364
PUR,HG00554,10,9769,8720,27130,35772,34778,50346
PUR,HG00637,10,9883,8530,27357,35545,34333,50232
PUR,HG00638,10,10321,8531,27336,35566,33905,49794
PUR,HG00640,10,10469,8712,26431,36471,34908,49646
PUR,HG00641,10,10007,8542,27722,35180,34227,50108
PUR,HG00731,10,10026,8768,27573,35329,34349,50089
PUR,HG00732,10,9741,8826,27779,35123,34494,50374
PUR,HG00734,10,9937,8540,27210,35692,34410,50178
PUR,HG00736,10,9792,8372,27635,35267,34227,50323
PUR,HG00737,10,9797,8596,27487,35415,34494,50318
PUR,HG00739,10,9881,8497,27340,35562,34077,50234
PUR,HG00740,10,10229,8653,27358,35544,34446,49886
PUR,HG00742,10,10223,8475,27351,35551,34344,49892
PUR,HG00743,10,10184,8607,27351,35551,34159,49931
PUR,HG01047,10,9826,8955,27682,35220,34545,50289
PUR,HG01048,10,10075,8567,27305,35597,34474,50040
PUR,HG01049,10,9794,8604,27624,35278,34555,50321
PUR,HG01051,10,9593,8677,27358,35544,34642,50522
PUR,HG01052,10,9718,8670,27377,35525,34282,50397
PUR,HG01054,10,10078,8399,27429,35473,34170,50037
PUR,HG01055,10,9851,8653,27326,35576,34735,50264
PUR,HG01058,10,10039,8548,27559,35343,34060,50076
PUR,HG01060,10,10068,8469,27472,35430,34378,50047
PUR,HG01061,10,10026,8596,27503,35399,34382,50089
PUR,HG01063,10,9694,8629,27872,35030,34005,50421
PUR,HG01064,10,10203,8646,27155,35747,34547,49912
PUR,HG01066,10,9990,8962,27007,35895,35008,50125
PUR,HG01067,10,10224,8781,27144,35758,34437,49891
PUR,HG01069,10,10169,8763,27015,35887,34460,49946
PUR,HG01070,10,9595,8742,27542,35360,34837,50520
PUR,HG01072,10,10360,8634,26943,35959,34291,49755
PUR,HG01073,10,9938,8663,27336,35566,34305,50177
PUR,HG01075,10,9636,8534,27580,35322,34836,50479
PUR,HG01077,10,9959,8599,27209,35693,34289,50156
PUR,HG01079,10,9488,8476,27824,35078,34041,50627
PUR,HG01080,10,9824,8706,27554,35348,34098,50291
PUR,HG01082,10,9401,8715,27948,34954,34486,50714
PUR,HG01083,10,9700,9102,27537,35365,34879,50415
PUR,HG01085,10,9826,8510,27671,35231,34190,50289
PUR,HG01086,10,9955,8676,27458,35444,34158,50160
PUR,HG01088,10,9680,8362,27781,35121,33882,50435
PUR,HG01089,10,9759,8584,27280,35622,34347,50356
PUR,HG01092,10,9835,8571,27090,35812,34523,50280
PUR,HG01094,10,10038,8477,27389,35513,34423,50077
PUR,HG01095,10,9969,8771,27492,35410,34479,50146
PUR,HG01097,10,10193,8810,26864,36038,34676,49922
PUR,HG01098,10,9759,8779,27359,35543,34624,50356
PUR,HG01101,10,9520,8423,27880,35022,34306,50595
PUR,HG01102,10,9756,8787,27680,35222,34196,50359
PUR,HG01104,10,9834,8818,27115,35787,34881,50281
PUR,HG01105,10,10240,8498,27311,35591,33982,49875
PUR,HG01107,10,9949,8676,27182,35720,34562,50166
PUR,HG01108,10,9122,8756,27903,34999,34731,50993
PUR,HG01110,10,9835,8862,27348,35554,34875,50280
PUR,HG01111,10,9969,8756,27213,35689,34930,50146
PUR,HG01161,10,9956,8470,27531,35371,34092,50159
PUR,HG01162,10,9851,8961,27429,35473,34829,50264
PUR,HG01164,10,9638,8710,27943,34959,34222,50477
PUR,HG01167,10,10035,8782,27133,35769,35087,50080
PUR,HG01168,10,9978,8573,27691,35211,33738,50137
PUR,HG01170,10,9728,8461,27756,35146,34431,50387
PUR,HG01171,10,9627,8716,27796,35106,34549,50488
PUR,HG01173,10,10049,8651,27151,35751,34889,50066
PUR,HG01174,10,9670,8527,27897,35005,34346,50445
PUR,HG01176,10,9717,8625,27793,35109,34281,50398
PUR,HG01177,10,10028,8476,27063,35839,34542,50087
PUR,HG01182,10,9752,8660,27565,35337,34202,50363
PUR,HG01183,10,10212,8783,27076,35826,34279,49903
PUR,HG01187,10,9850,8444,27710,35192,34105,50265
PUR,HG01188,10,9662,8598,27476,35426,34389,50453
PUR,HG01190,10,9861,8319,27839,35063,33796,50254
PUR,HG01191,10,10324,8708,27312,35590,34521,49791
PUR,HG01197,10,9674,8601,27583,35319,34422,50441
PUR,HG01198,10,9704,8330,27541,35361,34231,50411
PUR,HG01200,10,9554,8695,27505,35397,34686,50561
PUR,HG01204,10,10010,8586,27178,35724,34534,50105
PUR,HG01205,10,10160,8549,27162,35740,34927,49955
PUR,HG01241,10,9216,8460,27873,35029,34856,50899
PUR,HG01242,10,9144,8356,28323,34579,33595,50971
PUR,HG01247,10,9967,8786,27181,35721,34440,50148
PUR,HG01248,10,9936,8870,27185,35717,35101,50179
PUR,HG01286,10,9861,8734,27209,35693,34341,50254
PUR,HG01302,10,10040,8638,27035,35867,34402,50075
PUR,HG01303,10,9967,8585,27697,35205,33949,50148
PUR,HG01305,10,9836,8679,27516,35386,34595,50279
PUR,HG01308,10,9985,8590,27774,35128,34046,50130
PUR,HG01311,10,10335,8701,26916,35986,34515,49780
PUR,HG01312,10,10307,8618,27098,35804,34279,49808
PUR,HG01323,10,9978,8654,27745,35157,33788,50137
PUR,HG01325,10,9733,8466,27598,35304,34371,50382
PUR,HG01326,10,10065,8888,27219,35683,34876,50050
PUR,HG01392,10,9569,8705,27855,35047,34296,50546
PUR,HG01393,10,9591,8849,27619,35283,34689,50524
PUR,HG01395,10,9530,8837,28012,34890,34350,50585
PUR,HG01396,10,10228,8659,27576,35326,34205,49887
PUR,HG01398,10,9465,8789,27767,35135,34630,50650
PUR,HG01402,10,9912,8713,27631,35271,34485,50203
PUR,HG01403,10,9681,8565,27745,35157,34317,50434
PUR,HG01405,10,10139,8662,26969,35933,34571,49976
PUR,HG01412,10,9974,8691,27140,35762,34543,50141
PUR,HG01413,10,9776,8462,27859,35043,34270,50339
PUR,HG01414,10,9657,8373,27872,35030,34048,50458
